name,court_watch_source,qualifying_custody,status_on_2026-09-29,reason_for_inclusion
Ahmadzai Abdul Ghafoor,https://www.courtwatch.news/p/judge-orders-known-suspected-terrorist-released,2025-05-30 to 2026-05-13,Released by habeas order,"Held nearly a year after serving the U.S.-backed Afghan government; government would not substantiate its suspected-terrorist designation"
Douglas Thrams,https://www.courtwatch.news/p/tiktok-threat-arrest-trump-needs-to-be-assassinated,10 months 14 days,Released after time-served sentence,"Political-threat prosecution based on TikTok videos advocating attacks on politicians and government buildings"
Tyler Miles Leveque,https://www.courtwatch.news/p/exclusive-new-mexico-man-arrested-for-threatening-trump-and-musk,Approximately 10 months,Released or completing supervised release,"Political-threat prosecution arising from posts about Trump corporate executives and marching on state offices"
Alexander Justin White,https://www.courtwatch.news/p/north-carolina-man-arrested-for-isis-support,Since 2024-12-04; sentenced 8 years,In federal custody,"Material-support prosecution based on attempted travel and online advocacy for ISIS"
Gunner Joseph Fisher,https://www.courtwatch.news/p/like-brenton-tennessee-man-arrested-for-mass-shooting-plot-at-mosque,Detained after 2024-12-18 arrest; sentenced 24 months,Federal sentence began 2026-07,"White-nationalist political violence case targeting a mosque"
Forrest Kendall Pemberton,https://www.courtwatch.news/p/cw-snippet-forrest-pemberton-docket,Since late December 2024,Pending federal case,"Alleged planned armed attack on AIPAC employees based on political and antisemitic motives"
Brad Kenneth Spafford,https://www.courtwatch.news/p/largest-seizure-of-homemade-explosives-in-fbi-history-made-in-virginia,Since 2024-12-17; sentenced 8 years,In federal custody,"National-security explosives case in which prosecutors cited anti-government beliefs and political-assassination statements"
Brian J. Cole Jr.,https://www.courtwatch.news/p/read-the-alleged-january-6-pipe-bomber-court-records,Since 2025-12-04,Pending federal case,"Charged with placing explosives at both major-party headquarters immediately before January 6"
Abdullah Ezzeldin Taha Mohamed Hassan,https://www.courtwatch.news/p/fbi-virginia-man-targeted-israeli-consulate-in-name-of-isis,Since 2024-12-16,Remanded pending trial,"Alleged ISIS-inspired plan against the Israeli consulate in New York"
Rene Ortiz,https://www.courtwatch.news/p/court-filing-requesting-presidential-assassination-attempt-results-in-criminal-charges,Since 2025-01-17,Convicted; sentencing record requires final check,"Threat prosecution tied directly to the 2024 election and inauguration"
Reda Mazen Rida Sabassi,https://www.courtwatch.news/p/192-holy-land-foundation-redux,Since 2026-06-16,Pending federal case,"Charged with using purported Gaza relief fundraising to finance Hamas"
Raed Yousef,https://www.courtwatch.news/p/192-holy-land-foundation-redux,Detained pending trial by 2026-09-23,Pending federal case,"Charged with funneling money to Hamas; court denied release"
Mahmoud Amin Ya'qub Al-Muhtadi,https://www.courtwatch.news/p/192-holy-land-foundation-redux,Since 2025-10-16,Pending federal case,"Charged over alleged participation in the October 7 attack and visa statements"
Tina Peters,https://www.courtwatch.news/p/116-tucker-carlson-network-s-law-enforcement-tip,Since 2024-10-03; sentenced 9 years,Colorado state custody,"Election-system breach carried out to advance claims of election fraud; federal pardon did not reach state convictions"
Nasir Ahmad Tawhedi,https://www.courtwatch.news/p/153-sued-by-a-priest,Since 2024-10-07; sentenced 15 years,In federal custody,"ISIS-inspired Election Day attack prosecution"
Zimnako Salah,https://www.courtwatch.news/p/171-santacon,Pretrial detention and conviction,Convicted; sentencing requires final check,"Political-religious violence plot targeting Christian churches"
Ahmad Khalil Elshazly,https://www.courtwatch.news/p/115-the-wizarding-world-of-u-s-courts,In custody since 2019-12-15; sentenced 92 months,In federal custody,"Material-support prosecution involving planned travel to join ISIS"
Gokhan Gun,https://www.courtwatch.news/p/123-mrbeast-wants-his-privacy,Plea entered after federal detention,Awaiting or serving sentence; final docket check needed,"Classified-document prosecution of a Defense Department employee"
Hadi Matar,https://www.courtwatch.news/p/185-a-quarter-life-crisis-for-a-court,State custody since 2022; later federally convicted,In custody,"Ideologically motivated attack on Salman Rushdie with a parallel terrorism prosecution"
Abdulrahman Mohammed Hafedh Alqaysi,https://www.courtwatch.news/p/120-real-housewives-face-real-talk,Federal custody and guilty plea,Awaiting or serving sentence,"Admitted ISIS support after entering as a refugee"
Samir Ousman Alsheikh,https://www.courtwatch.news/p/120-real-housewives-face-real-talk,Federal detention and conviction,Awaiting sentencing or in custody,"Former Syrian prison official prosecuted for alleged torture and immigration fraud"
Nathan Vilas Laatsch,https://www.courtwatch.news/p/188-charity-for-hamas,Federal detention and guilty plea,Awaiting sentencing,"Prosecution for attempting to transmit classified information to a foreign government"
Sinmyah Amera Ceasar,https://www.courtwatch.news/p/121-a-week-of-betrayals,Sentenced over 19 years,In federal custody,"ISIS recruitment and material-support prosecution"
Dallas Humber,https://www.courtwatch.news/p/156-wifi-jammers-drones-crypto-kidnapping,Sentenced 30 years,In federal custody,"Leader of Terrorgram prosecuted for soliciting political violence and murder"
Awais Chudhary,https://www.courtwatch.news/p/179-congress-can-legally-say-horrible-things-about-you-on-social-media,Sentenced 9 years,In federal custody,"ISIS-inspired attack planning prosecution"
Mohammed Azharuddin Chhipa,https://www.courtwatch.news/p/179-congress-can-legally-say-horrible-things-about-you-on-social-media,Sentenced over 30 years,In federal custody,"Crypto-based financing prosecution alleging transfers to ISIS"
Benjamin Hanil Song,https://www.courtwatch.news/p/187-the-justice-department-owns-a-bar,Sentenced 100 years,In federal custody,"North Texas ICE-facility attack prosecuted under an Antifa-cell theory"
Bradford Morris,https://www.courtwatch.news/p/187-the-justice-department-owns-a-bar,Sentenced 50 years,In federal custody,"North Texas ICE-facility attack prosecuted under an Antifa-cell theory"
Daniel Rolando Sanchez-Estrada,https://www.courtwatch.news/p/187-the-justice-department-owns-a-bar,Sentenced 30 years,In federal custody,"North Texas ICE-facility attack prosecuted under an Antifa-cell theory"
Regan Darby Prater,https://www.courtwatch.news/p/124-the-filing-with-the-dragon-tattoo,Held pending trial after 2025-05-08 appearance,Pending federal case,"Neo-Nazi-inspired firebombing of the Highlander Center"
Catherine Beth Washburn,https://www.courtwatch.news/p/187-the-justice-department-owns-a-bar,Since 2026 arrest,Pending federal case,"Palestine activist charged with attempting to support Palestinian Islamic Jihad"
Michael Sam Teekaye Jr.,https://www.courtwatch.news/p/187-the-justice-department-owns-a-bar,Sentenced federal term,In federal custody,"Material-support prosecution involving ISIS"
Aws Mohammed Naser,https://www.courtwatch.news/p/187-the-justice-department-owns-a-bar,Sentenced 20 years,In federal custody,"ISIS material-support and destructive-device prosecution"
Stefan Day Rowold,https://www.courtwatch.news/p/118-give-us-43-minutes-your-honor,Sentenced federal term,In federal custody,"Religiously motivated arson of a Mormon church"
Clift Seferlis,https://www.courtwatch.news/p/187-the-justice-department-owns-a-bar,Sentenced 33 months,In federal custody or supervised release,"Threats to Jewish institutions prosecuted as civil-rights offenses"
Michael Ron David Kadar,https://www.courtwatch.news/p/192-holy-land-foundation-redux,Extradited and arraigned 2026-06-22,Pending federal cases,"Multi-jurisdiction threats against Jewish institutions Israeli embassy and ADL"
