"query","live_match_count","live_matches"
"Ahmadzai","0",""
"Ghafoor","0",""
"Sam O’Hara","0",""
"Sam O'Hara","0",""
"Shawn Monper","1","Shawn Monper|shawn-monper"
"Douglas Thrams","0",""
"Rene Ortiz","0",""
"Tyler Leveque","0",""
"Alexander Justin White","0",""
"Gunner Fisher","0",""
"Forrest Pemberton","0",""
"Brad Spafford","0",""
"Mohammad Rafi","0",""
"Abdullah Ezzeldin Taha Mohamed Hassan","0",""
"Tina Peters","0",""
"LaMonica McIver","1","LaMonica McIver|lamonica-mciver"
"Brian Cole","0",""
"Bingkun Feng","0",""
"Christopher Solomon Proctor","1","Christopher Solomon Proctor|christopher-solomon-proctor"
"Raed Yousef","0",""
"Reda Mazen Rida Sabassi","0",""
"Mohammad Yousef Hasna","1","Mohammad Yousef Hasna|mohammad-yousef-hasna"
"Mahmoud Amin Ya’qub Al-Muhtadi","0",""
"Mahmoud Amin Yaqub Al-Muhtadi","0",""
"Terrell Bailey-Corsey","0",""
"Kyle Reynolds","0",""
"Gunner Joseph Fisher","0",""
"Kyle William Spitze","0",""
"Malachi Morgan Thomas","0",""
"Nasir Ahmad Tawhedi","0",""
"Abdullah Haji Zada","0",""
"Zimnako Salah","0",""
"Ammaad Akhtar","0",""
"Ahmad Khalil Elshazly","0",""
"Gokhan Gun","0",""
"Hadi Matar","0",""
"Dale Britt Bendler","0",""
"Abdulrahman Mohammed Hafedh Alqaysi","0",""
"Samir Ousman Alsheikh","0",""
"Nathan Vilas Laatsch","0",""
"Hossein Akbari","0",""
"Reza Amidi","0",""
"Sinmyah Amera Ceasar","0",""
"Courtney Trenell","0",""
"Dallas Humber","0",""
"Awais Chudhary","0",""
"Mohammed Azharuddin Chhipa","0",""
"Clift Seferlis","0",""
"Michael Sam Teekaye","0",""
"Shawn Krishendat Premsook","0",""
"Angel Eduardo Castro","0",""
"Kirill Khrameev","0",""
"Oemis Romagoza Durruthy","0",""
"Aws Mohammed Naser","0",""
"Stefan Day Rowold","0",""
"Cameron Patterson","0",""
"Rex Crofton","0",""
"Muhammad Shahzeb Khan","1","Muhammad Shahzeb Khan|muhammad-shahzeb-khan"
"Mark Tucci","0",""
"Mansuri Manuchekhri","0",""
"Regan Darby Prater","0",""
"Catherine Beth Washburn","0",""
"Michael Ron David Kadar","0",""
"Kyle Wagner","1","Kyle Wagner|kyle-wagner"
"Benjamin Hanil Song","0",""
"Maricela Rueda","1","Maricela Rueda|maricela-rueda"
"Cameron Arnold","1","Cameron Arnold|cameron-arnold"
"Savanna Batten","1","Savanna Batten|savanna-batten"
"Zachary Evetts","1","Zachary Evetts|zachary-evetts"
"Bradford Morris","0",""
"Elizabeth Soto","1","Elizabeth Soto|elizabeth-soto"
"Daniel Rolando Sanchez-Estrada","0",""
