name,slug,first_case_date,image,source,identity_evidence
Camilla Whitcomb,camilla-whitcomb,1917-11-14,camilla-whitcomb-chrono2026b.png,https://documents.alexanderstreet.com/d/1010016652,The original printed caption lists the women left to right. Subject is second from left. Berry Pottier appears as Betty Pottier in this caption; Jailed for Freedom and the Historical Journal of Massachusetts describe Berry in the same February 1919 Boston imprisonment.
Robert Goldstein,robert-goldstein,1918-05-09,robert-goldstein-chrono2026b.png,https://www.bostonglobe.com/2025/08/06/magazine/goldstein-espionage-film-case/,"Original newspaper caption identifies Robert Goldstein at right as the Spirit of 76 producer leaving county jail, matching the Los Angeles filmmaker imprisoned at McNeil Island. Cropped to the named man at right."
Mikal Kudreyko,mikal-kudreyko,1918-07-01,mikal-kudreyko-chrono2026b.png,https://kenyonzimmer.com/red-scare-deportees/kubinskis-to-k_____/,Zimmer identifies Mikal Kudreyko under his aliases Peter/Michael Kravchuk. Belarus-born URW secretary arrested at a Detroit picnic in July 1918 and deported on the Buford; all match this record.
Frank Shaffer,frank-shaffer,1918-07-10,frank-shaffer-chrono2026b.jpg,https://www.historylink.org/File/21334,"HistoryLink identifies Frank Shaffer, Washington Bible Student convicted under the Espionage Act for The Finished Mystery, and dates this federal prisoner photo to 1920. The same prosecution and sentence match the database entry."
J. Emma Martin,j-emma-martin,1918-07-31,j-emma-martin-chrono2026b.jpg,https://www.jw.org/en/library/magazines/watchtower-study-october-2020/1920-One-Hundred-Years-Ago/,"The source explicitly identifies the police photograph as Emma Martin and describes the San Bernardino Bible Student prosecution with Hamm, Sonnenburg and Stevens, matching this entry."
Rebecca Winsor Evans,rebecca-winsor-evans,1918-08-06,rebecca-winsor-evans-chrono2026b.png,https://documents.alexanderstreet.com/d/1008297929,Source caption identifies Ellen on the left with her sister Rebecca; original plaque names Miss Ellen Winsor and Mrs Rebecca Winsor Evans. Crop isolates Rebecca on the right.
Katharine Fisher,katharine-fisher,1918-08-15,katharine-fisher-chrono2026b.jpg,https://suffragistmemorial.org/suffragist-month-2013/,"The page names Katharine Rolston Fisher and describes her National Woman’s Party picketing and Occoquan imprisonment, matching this suffragist entry."
Hyman Lachowsky,hyman-lachowsky,1918-08-23,hyman-lachowsky-chrono2026b.png,https://kenyonzimmer.com/red-scare-deportees/lachowsky-to-lazarevich/,"The printed caption names Hyman Lachowsky. Zimmer connects him to the August 1918 New York leaflet arrest and Abrams free-speech prosecution, matching this entry."
Jacob Schwartz,jacob-schwartz,1918-08-23,jacob-schwartz-chrono2026b.png,https://www.historyworkshop.org.uk/activism-solidarity/radical-object-anarchist-memorial-card/,"The original memorial card names Jacob Schwartz and dates his arrest August 23, 1918 and death October 14, 1918. This matches the Frayhayt leafleting defendant. Rectangular crop isolates the original portrait."
Grover H. Perry,grover-h-perry,1918-09-07,grover-h-perry-chrono2026b.png,https://www.marxists.org/history/usa/pubs/labordefender/1926/v01n08-aug-1926-LD.pdf,Original caption identifies Frank Little at left and Grover Perry at right. Cropped to the standing man at right. This is the IWW organizer and Leavenworth prisoner Grover H. Perry described by the accompanying IWW historical article and the database.
Janet Johnstone Roy,janet-johnstone-roy,1918-10-01,janet-johnstone-roy-chrono2026b.png,https://kenyonzimmer.com/red-scare-deportees/roberts-to-roy/,"The original caption names Miss Janet Roy; Zimmer identifies her as Janet Johnstone Roy/MacKay, the Scottish-born IWW member arrested with her sister in Seattle in October 1918, matching this entry."
John Schrag,john-schrag,1918-11-11,john-schrag-chrono2026b.jpg,https://www.kancoll.org/khq/1977/77_3_juhnke.htm,Original scholarly article prints a caption naming John Schrag immediately under this photograph and describes the specific 1918 Burrton/Harvey County imprisonment.
Louis Werner,louis-werner,1918-12-30,louis-werner-chrono2026b.png,https://commons.wikimedia.org/wiki/File:Enemy_Activities_-_Arrests_of_Alien_Enemies_-_Arrest_of_Alien_Enemies_in_U.S.A._-_Editor_of_the_Philadelphia_German_paper_gets_five_years_-_NARA_-_31477750.jpg,"The original archive caption identifies Louis Werner, editor of the Philadelphia Tageblatt, sentenced to five years in Atlanta Penitentiary under the Espionage Act, matching the prisoner entry. Rectangular crop removes the catalog card around the photograph."
Phoebe C. Munnecke,phoebe-c-munnecke,1919-01-04,phoebe-c-munnecke-chrono2026b.jpg,https://documents.alexanderstreet.com/d/1009054740,"Original photograph labels Mrs. Phoebe Munnecke. Source biography matches Detroit suffragist arrested in the January 4, 1919 White House watchfire protest. Published archival crop retained unmodified."
Ellen Winsor,ellen-winsor,1919-01-13,ellen-winsor-chrono2026b.jpg,https://documents.alexanderstreet.com/d/1008297929,Portrait is printed with the name Miss Ellen Winsor; scholarly biography links the photograph to her 1922 arrest and identifies the NWP watchfire protester.
Palys L. Chevrier,palys-l-chevrier,1919-01-13,palys-l-chevrier-chrono2026b.jpg,https://documents.alexanderstreet.com/d/1009755087,Biographical title explicitly equates Lorena Aglae Dollee Chevrier with Palys L. Chevrier; portrait caption names Dollee Chevrier and dates the photograph 1907.
Rhoda Kellogg,rhoda-kellogg,1919-01-27,rhoda-kellogg-chrono2026b.jpg,https://phoebehearstpreschool.org/history/rhoda-kellogg/,Institutional history names Rhoda Kellogg and labels the photograph. Alexander Street biography 1008297974 reproduces the same photograph and identifies the suffragist jailed in January 1919.
Rose Fishstein,rose-fishstein,1919-02-01,rose-fishstein-chrono2026b.jpg,https://documents.alexanderstreet.com/d/1008297976,"Biography and portrait identify unmarried union organizer and factory inspector Rose Fishstein, sister-in-law of the separate suffragist Mrs Rose Gratz Fishstein. Matches the February 1919 watchfire case."
Walker C. Smith,walker-c-smith,1919-02-01,walker-c-smith-chrono2026b.jpg,https://revolutionsnewsstand.com/2025/05/12/respectable-socialists-too-respectable-for-the-i-w-w-by-walker-c-smith-from-industrial-worker-vol-3-no-33-november-9-1911/,Publisher labels portrait asset WalkerSmithIWW and pairs it with the named IWW author; matches the database IWW editor Walker C. Smith.
Estella Eylward,estella-eylward,1919-02-09,estella-eylward-chrono2026b.png,https://documents.alexanderstreet.com/d/1008297962,Original newspaper caption identifies Mrs Estella Eylward holding the 33-foot suffrage petition she was presenting to Senator Gay.
Martha Reed Shoemaker,martha-reed-shoemaker,1919-02-10,martha-reed-shoemaker-chrono2026b.png,https://documents.alexanderstreet.com/d/1009554984,Biography identifies suffragist Martha Reed Shoemaker as a member of Vassar class of 1910. The supplied senior-year entry labels her Martha Clawson Reed.
Berry Pottier,berry-pottier,1919-02-25,berry-pottier-chrono2026b.png,https://documents.alexanderstreet.com/d/1010016652,The original printed caption lists the women left to right. Subject is third from left. Berry Pottier appears as Betty Pottier in this caption; Jailed for Freedom and the Historical Journal of Massachusetts describe Berry in the same February 1919 Boston imprisonment.
Elise T. Russian,elise-t-russian,1919-02-25,elise-t-russian-chrono2026b.png,https://documents.alexanderstreet.com/d/1010016652,The original printed caption lists the women left to right. Subject is sixth from left. Berry Pottier appears as Betty Pottier in this caption; Jailed for Freedom and the Historical Journal of Massachusetts describe Berry in the same February 1919 Boston imprisonment.
Jessica Henderson,jessica-henderson,1919-02-25,jessica-henderson-chrono2026b.png,https://www.westfield.ma.edu/historical-journal/wp-content/uploads/2020/01/I-Want-to-Go-to-Jail.pdf,Journal caption explicitly identifies jessica henderson at far left in the February 1919 Boston protest. No identities marked as possible in the caption are used.
Martha Foley,martha-foley,1919-02-25,martha-foley-chrono2026b.jpg,https://irishboston.blogspot.com/2024/03/martha-foley-1897-1977-of-boston.html,"The article explicitly labels the illustration as Martha Foley and describes the writer/editor born in Boston in 1897, including her arrest at the 1919 suffrage protest. Replaces the rejected ambiguous crop from a group photograph."
Jesus Romo,jesus-romo,1919-06-09,jesus-romo-chrono2026b.png,https://kenyonzimmer.com/red-scare-deportees/roberts-to-roy/,"Original newspaper portrait names Jesus Romo. The biography matches the Los Angeles IWW organizer arrested June 9, 1919 and deported to Mexico."
Józef Kowalski,jozef-kowalski,1919-09-01,jozef-kowalski-chrono2026b.png,https://kenyonzimmer.com/red-scare-deportees/kovalsky-to-kozy/,"Original booking photograph names Joe Kowalski. The historian matches the Polish communist editor, 1890 Lodz birth, Kansas City 1919 arrest and 1921 deportation."
Dennis Batt,dennis-batt,1919-09-02,dennis-batt-chrono2026b.png,https://commons.wikimedia.org/wiki/File:Dennis_E._Batt_1924_Edit.png,Commons image description names Dennis E. Batt; biographical article identifies the Detroit Socialist/Communist editor who was arrested in 1919. Historical source halftone preserved.
Albert Giles,albert-giles,1919-10-01,albert-giles-chrono2026b.png,https://talkafricana.com/unveiling-the-elaine-massacre-of-1919-americas-bloodiest-mass-killing-of-black-americans/,Original newspaper caption explicitly identifies all twelve men left to right. Crop isolates albert giles. Joe Knox is the database J. E. Knox; William Wordlow is the database William Wordlaw. The group is independently documented by Encyclopedia of Arkansas and Arkansas State Archives. Original halftone is low resolution; no enhancement or interpolation applied.
Alfred Banks Jr.,alfred-banks-jr,1919-10-01,alfred-banks-jr-chrono2026b.png,https://talkafricana.com/unveiling-the-elaine-massacre-of-1919-americas-bloodiest-mass-killing-of-black-americans/,Original newspaper caption explicitly identifies all twelve men left to right. Crop isolates alfred banks jr. Joe Knox is the database J. E. Knox; William Wordlow is the database William Wordlaw. The group is independently documented by Encyclopedia of Arkansas and Arkansas State Archives. Original halftone is low resolution; no enhancement or interpolation applied.
Ed Coleman,ed-coleman,1919-10-01,ed-coleman-chrono2026b.png,https://talkafricana.com/unveiling-the-elaine-massacre-of-1919-americas-bloodiest-mass-killing-of-black-americans/,Original newspaper caption explicitly identifies all twelve men left to right. Crop isolates ed coleman. Joe Knox is the database J. E. Knox; William Wordlow is the database William Wordlaw. The group is independently documented by Encyclopedia of Arkansas and Arkansas State Archives. Original halftone is low resolution; no enhancement or interpolation applied.
Ed Hicks,ed-hicks,1919-10-01,ed-hicks-chrono2026b.png,https://talkafricana.com/unveiling-the-elaine-massacre-of-1919-americas-bloodiest-mass-killing-of-black-americans/,Original newspaper caption explicitly identifies all twelve men left to right. Crop isolates ed hicks. Joe Knox is the database J. E. Knox; William Wordlow is the database William Wordlaw. The group is independently documented by Encyclopedia of Arkansas and Arkansas State Archives. Original halftone is low resolution; no enhancement or interpolation applied.
Ed Ware,ed-ware,1919-10-01,ed-ware-chrono2026b.png,https://talkafricana.com/unveiling-the-elaine-massacre-of-1919-americas-bloodiest-mass-killing-of-black-americans/,Original newspaper caption explicitly identifies all twelve men left to right. Crop isolates ed ware. Joe Knox is the database J. E. Knox; William Wordlow is the database William Wordlaw. The group is independently documented by Encyclopedia of Arkansas and Arkansas State Archives. Original halftone is low resolution; no enhancement or interpolation applied.
Frank Hicks,frank-hicks,1919-10-01,frank-hicks-chrono2026b.png,https://talkafricana.com/unveiling-the-elaine-massacre-of-1919-americas-bloodiest-mass-killing-of-black-americans/,Original newspaper caption explicitly identifies all twelve men left to right. Crop isolates frank hicks. Joe Knox is the database J. E. Knox; William Wordlow is the database William Wordlaw. The group is independently documented by Encyclopedia of Arkansas and Arkansas State Archives. Original halftone is low resolution; no enhancement or interpolation applied.
Frank Moore,frank-moore,1919-10-01,frank-moore-chrono2026b.png,https://talkafricana.com/unveiling-the-elaine-massacre-of-1919-americas-bloodiest-mass-killing-of-black-americans/,Original newspaper caption explicitly identifies all twelve men left to right. Crop isolates frank moore. Joe Knox is the database J. E. Knox; William Wordlow is the database William Wordlaw. The group is independently documented by Encyclopedia of Arkansas and Arkansas State Archives. Original halftone is low resolution; no enhancement or interpolation applied.
J. E. Knox,j-e-knox,1919-10-01,j-e-knox-chrono2026b.png,https://talkafricana.com/unveiling-the-elaine-massacre-of-1919-americas-bloodiest-mass-killing-of-black-americans/,Original newspaper caption explicitly identifies all twelve men left to right. Crop isolates j e knox. Joe Knox is the database J. E. Knox; William Wordlow is the database William Wordlaw. The group is independently documented by Encyclopedia of Arkansas and Arkansas State Archives. Original halftone is low resolution; no enhancement or interpolation applied.
Joe Fox,joe-fox,1919-10-01,joe-fox-chrono2026b.png,https://talkafricana.com/unveiling-the-elaine-massacre-of-1919-americas-bloodiest-mass-killing-of-black-americans/,Original newspaper caption explicitly identifies all twelve men left to right. Crop isolates joe fox. Joe Knox is the database J. E. Knox; William Wordlow is the database William Wordlaw. The group is independently documented by Encyclopedia of Arkansas and Arkansas State Archives. Original halftone is low resolution; no enhancement or interpolation applied.
Paul Hall,paul-hall,1919-10-01,paul-hall-chrono2026b.png,https://talkafricana.com/unveiling-the-elaine-massacre-of-1919-americas-bloodiest-mass-killing-of-black-americans/,Original newspaper caption explicitly identifies all twelve men left to right. Crop isolates paul hall. Joe Knox is the database J. E. Knox; William Wordlow is the database William Wordlaw. The group is independently documented by Encyclopedia of Arkansas and Arkansas State Archives. Original halftone is low resolution; no enhancement or interpolation applied.
William Wordlaw,william-wordlaw,1919-10-01,william-wordlaw-chrono2026b.png,https://talkafricana.com/unveiling-the-elaine-massacre-of-1919-americas-bloodiest-mass-killing-of-black-americans/,Original newspaper caption explicitly identifies all twelve men left to right. Crop isolates william wordlaw. Joe Knox is the database J. E. Knox; William Wordlow is the database William Wordlaw. The group is independently documented by Encyclopedia of Arkansas and Arkansas State Archives. Original halftone is low resolution; no enhancement or interpolation applied.
David Maksimovich Elak-Berman,david-maksimovich-elak-berman,1919-11-01,david-maksimovich-elak-berman-chrono2026b.png,https://kenyonzimmer.com/red-scare-deportees/elia-to-faggi/,"The historian explicitly names David Maksimovich Elak-Berman and matches his 1891 Minsk birth, McKees Rocks URW membership, 1919 Buford deportation and later Uruguay residence."
Efim Kolesnikov,efim-kolesnikov,1919-11-07,efim-kolesnikov-chrono2026b.png,https://kenyonzimmer.com/red-scare-deportees/kirson-to-konosevich-bukovetsky/,"The historian explicitly identifies Efim Kolesnikov as the standing man in the center, and matches his 1880 Kursk birth, New York arrest and Buford deportation. Crop isolates that man’s head and shoulders."
Gerasim Tkachuk,gerasim-tkachuk,1919-11-07,gerasim-tkachuk-chrono2026b.png,https://kenyonzimmer.com/red-scare-deportees/tataranovich-to-tori/,"The historian identifies the photograph as Tkachuk and his family and describes his wife Maria and three children. The sole adult man at right is cropped. His 1893 birth, Detroit November 7, 1919 arrest, and 1921 deportation match the entry."
Amy Colyer,amy-colyer,1920-01-01,amy-colyer-chrono2026b.png,https://kenyonzimmer.com/red-scare-deportees/coacci-to-danilovich/,"Named photograph of Amy Colyer, nee Withall, British-born Communist arrested with husband William Thomas Colyer in January 1920."
Roberto Elia,roberto-elia,1920-01-01,roberto-elia-chrono2026b.png,https://kenyonzimmer.com/red-scare-deportees/elia-to-faggi/,Named portrait of the Italian anarchist and printer arrested in New York with Andrea Salsedo in 1920.
Tilly Gerish,tilly-gerish,1920-01-01,tilly-gerish-chrono2026b.png,https://kenyonzimmer.com/red-scare-deportees/geray-to-giusto/,Caption identifies Tilly Gerish in 1921; biography matches Philadelphia dressmaker arrested in January 1920.
Savely Roshkov,savely-roshkov,1920-02-12,savely-roshkov-chrono2026b.jpg,https://kenyonzimmer.com/red-scare-deportees/roberts-to-roy/,Historian identifies Savely Roshkov in photograph; biography matches Bridgeport URW machinist arrested in January 1920.
Ustin Manko,ustin-manko,1920-05-11,ustin-manko-chrono2026b.png,https://kenyonzimmer.com/red-scare-deportees/makliarchuk-to-manninger/,Historian identifies Ustin Manko in the clipping from his INS case file; biography matches URW member arrested in Bridgeport in February 1920.
Jack Gaveel,jack-gaveel,1921-04-01,jack-gaveel-chrono2026b.png,https://www.ebay.com/itm/366291682752,"Photograph bears no. 34989. The accompanying original prison register identifies no.34989 as Jack Gaveel, criminal syndicalism, Los Angeles, April 1921. Kenyon Zimmer biography independently records the Dutch-born IWW member and his April 1921 imprisonment."
Fred W. Thompson,fred-w-thompson,1923-11-07,fred-w-thompson-chrono2026b.png,https://www.solidaridadobrera.org/ateneo_nacho/libros/Thompson%20%26%20Beken%20-%20IWW%2C%20first%20100%20years.pdf,"The caption identifies the two separate portraits as Fred Thompson and Jon Bekken, in that order. The left photograph is extracted intact. Thompson oral history at the Walter P. Reuther Library, LOH002314_OH_001, page 2 independently confirms entry into San Quentin November 7, 1923 and release March 7, 1927, matching this prisoner."
John Buksa,john-buksa,1925-01-01,john-buksa-chrono2026b.png,https://commons.wikimedia.org/wiki/File:John_Buksa_1926.jpg,"The original caption identifies John Buksa, Bellaire, Ohio miner, imprisoned under the West Virginia anti-sedition law and due for release in May 1926. This matches the Wheeling prosecution in this entry."
Jack Rubenstein,jack-rubenstein,1927-01-01,jack-rubenstein-chrono2026b.png,https://www.marxists.org/history/usa/pubs/labordefender/1927/v02n06-jun-1927-LD.pdf,"Portrait is individually captioned Jack Rubenstein within the article Jack Rubenstein and Whitey Adamchesky, describing his Passaic strike arrests and April 1927 sentence."
Joe Katz,joe-katz,1927-01-01,joe-katz-chrono2026b.png,https://www.marxists.org/history/usa/pubs/labordefender/1927/v02n11-nov-1927-LD.pdf,"The portrait is individually labeled with this prisoner name in the article on the Mineola prosecution of New York fur workers. The charge, union, location and year match this entry. For Samuel Mencher, this photograph supersedes the previously prepared June illustration."
Maurice Malkin,maurice-malkin,1927-01-01,maurice-malkin-chrono2026b.png,https://www.marxists.org/history/usa/pubs/labordefender/1927/v02n11-nov-1927-LD.pdf,"The portrait is individually labeled with this prisoner name in the article on the Mineola prosecution of New York fur workers. The charge, union, location and year match this entry. For Samuel Mencher, this photograph supersedes the previously prepared June illustration."
Oscar Mileaf,oscar-mileaf,1927-01-01,oscar-mileaf-chrono2026b.png,https://www.marxists.org/history/usa/pubs/labordefender/1927/v02n11-nov-1927-LD.pdf,"The portrait is individually labeled with this prisoner name in the article on the Mineola prosecution of New York fur workers. The charge, union, location and year match this entry. For Samuel Mencher, this photograph supersedes the previously prepared June illustration."
Otto Lenhart,otto-lenhart,1927-01-01,otto-lenhart-chrono2026b.png,https://www.marxists.org/history/usa/pubs/labordefender/1927/v02n11-nov-1927-LD.pdf,"The portrait is individually labeled with this prisoner name in the article on the Mineola prosecution of New York fur workers. The charge, union, location and year match this entry. For Samuel Mencher, this photograph supersedes the previously prepared June illustration."
Samuel Mencher,samuel-mencher,1927-01-01,samuel-mencher-chrono2026b.png,https://www.marxists.org/history/usa/pubs/labordefender/1927/v02n11-nov-1927-LD.pdf,"The portrait is individually labeled with this prisoner name in the article on the Mineola prosecution of New York fur workers. The charge, union, location and year match this entry. For Samuel Mencher, this photograph supersedes the previously prepared June illustration."
Stephen Zinich,stephen-zinich,1927-01-01,stephen-zinich-chrono2026b.png,https://www.marxists.org/history/usa/pubs/labordefender/1927/v02n10-oct-1927-LD.pdf,"The separate portrait page is captioned Stephen Zinich. The adjoining article identifies him as the Yugoslav-born editor of Radnik held for deportation, matching this entry."
William F. Dunne,william-f-dunne,1927-05-27,william-f-dunne-chrono2026b.jpg,https://commons.wikimedia.org/wiki/File:Dunne-bill.jpg,"The source identifies William F. Dunne, American Communist Party leader. His biography identifies the Daily Worker editor, the same position and newspaper as the entry for the 1927 obscenity prosecution."
Steve Kurepa,steve-kurepa,1927-08-22,steve-kurepa-chrono2026b.png,https://www.marxists.org/history/usa/pubs/labordefender/1927/v02n12-dec-1927-LD.pdf,"The drawing is individually captioned Steve Kurepa beside a description of the Cheswick defendant and his repeated imprisonment and beatings, matching this entry."
Adam Moleski,adam-moleski,1928-01-01,adam-moleski-chrono2026b.png,https://www.marxists.org/history/usa/pubs/labordefender/1928/apr-1928-LD.pdf,"Individually captioned Adam Moleski, another defendant in the same Bonita-Moleski-Mendola case."
Eli Keller,eli-keller,1928-01-01,eli-keller-chrono2026b.png,https://revolutionsnewsstand.com/2025/04/27/seven-hundred-strikers-on-trial-by-amy-schechter-from-labor-defender-vol-3-no-11-november-1928/,"The source caption identifies the four New Bedford strike leaders left to right as Eli Keller, Wm. Murdoch, Eulalia Mendes and Fred Beal. This crop isolates the first person; the strike and prosecution match the entry."
Frank Augusto,frank-augusto,1928-01-01,frank-augusto-chrono2026b.png,https://revolutionsnewsstand.com/2025/04/27/seven-hundred-strikers-on-trial-by-amy-schechter-from-labor-defender-vol-3-no-11-november-1928/,"Original printed caption explicitly identifies Frank Augusto, age 62, New Bedford textile worker beaten by police and sentenced to four months, matching the entry."
Harry Canter,harry-canter,1928-01-01,harry-canter-chrono2026b.png,https://www.marxists.org/history/usa/pubs/labordefender/1929/v04n07-jul-1929-LD.pdf,"Printed caption identifies Harry Canter serving one year for criminal libel; adjoining article explains his imprisonment for denouncing Governor Fuller over Sacco and Vanzetti, matching the entry."
Steve Mendola,steve-mendola,1928-01-01,steve-mendola-chrono2026b.png,https://www.marxists.org/history/usa/pubs/labordefender/1928/apr-1928-LD.pdf,"Caption names Steve Mendola, the third defendant, and his young wife. The groom at right is isolated using a rectangular crop."
William Murdoch,william-murdoch,1928-01-01,william-murdoch-chrono2026b.png,https://revolutionsnewsstand.com/2025/04/27/seven-hundred-strikers-on-trial-by-amy-schechter-from-labor-defender-vol-3-no-11-november-1928/,"The source caption identifies the four New Bedford strike leaders left to right as Eli Keller, Wm. Murdoch, Eulalia Mendes and Fred Beal. This crop isolates the second person; the strike and prosecution match the entry."
Pat Toohey,pat-toohey,1928-03-01,pat-toohey-chrono2026b.png,https://www.marxists.org/history/usa/pubs/labordefender/1930/v05n01-jan-1930-LD.pdf,"Caption explicitly identifies the circular portrait as Pat Toohey, National Miners Union secretary-treasurer. This clearer portrait replaces the smaller April 1928 image for the same selected person."
Sam Bonita,sam-bonita,1928-04-01,sam-bonita-chrono2026b.png,https://www.marxists.org/history/usa/pubs/labordefender/1928/apr-1928-LD.pdf,Individually captioned Sam Bonita; the article describes his imprisonment in the Frank Agati murder case.
Rebecca Grecht,rebecca-grecht,1928-07-03,rebecca-grecht-chrono2026b.png,https://www.marxists.org/history/usa/pubs/labordefender/1928/apr-1928-LD.pdf,"Portrait is labeled Rebecca Grecht. Text identifies the New York millinery union activist arrested in Pennsylvania in March 1928, consistent with the Workers Party organizer prosecuted again in July 1928."
William Shifrin,william-shifrin,1928-09-01,william-shifrin-chrono2026b.png,https://www.marxists.org/history/usa/pubs/labordefender/1930/v05n02-feb-1930-ORIG-LD.pdf,"Printed caption names the back row left to right: George Carter, K. Y. Hendryx, Fred Beal and Wm. Shifrin. This crop isolates Shifrin at the far right, the New York union defendant."
Karl Reeve,karl-reeve,1928-12-01,karl-reeve-chrono2026b.png,https://revolutionsnewsstand.com/2023/02/28/who-are-the-gastonia-prisoners-from-labor-defender-vol-4-no-9-september-1929/,Original printed caption explicitly identifies Karl Reeve as the extreme right person in the back row. He is the Labor Defender editor named in the database entry.
George Carter,george-carter,1929-06-07,george-carter-chrono2026b.png,https://www.marxists.org/history/usa/pubs/labordefender/1930/v05n04-apr-1930-LD.pdf,"Printed caption identifies standing figures left to right as Louis McLaughlin, George Carter, Fred Beal and Clarence Miller. This is second from left, George Carter. Corroborated by the named lineup in Fred Beal’s Proletarian Journey, plate facing page 180."
Robert Allen,robert-allen,1929-06-07,robert-allen-chrono2026b.png,https://revolutionsnewsstand.com/2023/02/28/who-are-the-gastonia-prisoners-from-labor-defender-vol-4-no-9-september-1929/,"Original caption identifies Robt. Allen as first on left seated, charged with murder, matching the Gastonia prisoner entry."
Charlie Mammen,charlie-mammen,1929-12-09,charlie-mammen-chrono2026b.png,https://www.marxists.org/history/usa/pubs/labordefender/1930/v05n02-feb-1930-ORIG-LD.pdf,"Original caption names the three men left to right as Dan Slinger of Eldorado, John Lapshansky of Nokomis, and Charlie Mammen of Taylorville. This crop isolates the right man. The caption and article describe the matching strike arrests."
Dan Slinger,dan-slinger,1929-12-09,dan-slinger-chrono2026b.png,https://www.marxists.org/history/usa/pubs/labordefender/1930/v05n02-feb-1930-ORIG-LD.pdf,"Original caption names the three men left to right as Dan Slinger of Eldorado, John Lapshansky of Nokomis, and Charlie Mammen of Taylorville. This crop isolates the left man. The caption and article describe the matching strike arrests."
George Voyzey,george-voyzey,1929-12-09,george-voyzey-chrono2026b.jpg,https://sangamoncountyhistory.org/george-voyzey-union-radical/,"Historical Society caption names George Voyzey and dates the photograph to the 1923 Pittsburgh convention. Article identifies him as Illinois president of the National Miners Union, matching the entry."
John Lapshansky,john-lapshansky,1929-12-09,john-lapshansky-chrono2026b.png,https://www.marxists.org/history/usa/pubs/labordefender/1930/v05n02-feb-1930-ORIG-LD.pdf,"Original caption names the three men left to right as Dan Slinger of Eldorado, John Lapshansky of Nokomis, and Charlie Mammen of Taylorville. This crop isolates the center man. The caption and article describe the matching strike arrests."
Andrew Turner,andrew-turner,1930-01-01,andrew-turner-chrono2026b.png,https://www.marxists.org/history/usa/pubs/labordefender/1930/v05n03-mar-1930-LD.pdf,"Printed caption identifies Andrew Turner, militant worker of Chester, Pennsylvania, facing ten years on a manslaughter charge. The city, charge and case match the entry."
Angelo Cappelo,angelo-cappelo,1930-01-01,angelo-cappelo-chrono2026b.png,https://www.marxists.org/history/usa/pubs/labordefender/1930/v05n05-may-1930-LD.pdf,"Original printed caption explicitly identifies each row left to right. Buffalo group: second row, fourth from left, Angelo Cappelo, sentenced to 100 days."
Anna Robbins,anna-robbins,1930-01-01,anna-robbins-chrono2026b.png,https://www.marxists.org/history/usa/pubs/dailyworker/1930/v06-n334-NY-apr-02-1930-DW-LOC.pdf,"Printed caption names both rows: top Mike Mughiti, Julia Wilde, Sam Berman, Arvid Owens; bottom Sonia Baltrun, Anna Robbins, Bessie Herman. This crop is second in bottom row. Name variants Berman/Barman and Baltrun/Baltruin match the same Oakland City Hall defendant group. Source dates the demonstration December 27; the database groups the case under 1930."
Arvid Owens,arvid-owens,1930-01-01,arvid-owens-chrono2026b.png,https://www.marxists.org/history/usa/pubs/dailyworker/1930/v06-n334-NY-apr-02-1930-DW-LOC.pdf,"Printed caption names both rows: top Mike Mughiti, Julia Wilde, Sam Berman, Arvid Owens; bottom Sonia Baltrun, Anna Robbins, Bessie Herman. This crop is fourth in top row. Name variants Berman/Barman and Baltrun/Baltruin match the same Oakland City Hall defendant group. Source dates the demonstration December 27; the database groups the case under 1930."
Bessie Herman,bessie-herman,1930-01-01,bessie-herman-chrono2026b.png,https://www.marxists.org/history/usa/pubs/dailyworker/1930/v06-n334-NY-apr-02-1930-DW-LOC.pdf,"Printed caption names both rows: top Mike Mughiti, Julia Wilde, Sam Berman, Arvid Owens; bottom Sonia Baltrun, Anna Robbins, Bessie Herman. This crop is third in bottom row. Name variants Berman/Barman and Baltrun/Baltruin match the same Oakland City Hall defendant group. Source dates the demonstration December 27; the database groups the case under 1930."
Cliff Saylors,cliff-saylors,1930-01-01,cliff-saylors-chrono2026b.png,https://www.marxists.org/history/usa/pubs/labordefender/1930/v05n01-jan-1930-LD.pdf,"Printed caption identifies the left inset as Cliff Saylors. The adjacent article describes the ILD organizer’s arrest on the Gastonia murder charge, matching the entry."
Dewey Martin,dewey-martin,1930-01-01,dewey-martin-chrono2026b.png,https://www.marxists.org/history/usa/pubs/labordefender/1930/v05n04-apr-1930-LD.pdf,"Individual portrait is labeled Dewey Martin, NTWU organizer sentenced to seven months. The article describes the Marion, North Carolina labor prosecutions and chain-gang sentences matching the entries."
Fred Shearer,fred-shearer,1930-01-01,fred-shearer-chrono2026b.png,https://www.marxists.org/history/usa/pubs/labordefender/1930/v05n05-may-1930-LD.pdf,"Original printed caption explicitly identifies each row left to right. Buffalo group: second row, third from left, Fred Shearer, sentenced to 150 days."
George Saul,george-saul,1930-01-01,george-saul-chrono2026b.png,https://www.marxists.org/history/usa/pubs/labordefender/1930/v05n04-apr-1930-LD.pdf,"Individual portrait is labeled George Saul. The article describes the Marion, North Carolina labor prosecutions and chain-gang sentences matching the entries."
John Mitigli,john-mitigli,1930-01-01,john-mitigli-chrono2026b.png,https://www.marxists.org/history/usa/pubs/labordefender/1930/v05n05-may-1930-LD.pdf,"Original printed caption explicitly identifies each row left to right. Oakland group: front row, first from left, John Mitigli, sentenced to 30 days. The text specifically describes the USL Battery Company and Oakland City Hall protest matching the entry."
Julia Wilde,julia-wilde,1930-01-01,julia-wilde-chrono2026b.png,https://www.marxists.org/history/usa/pubs/dailyworker/1930/v06-n334-NY-apr-02-1930-DW-LOC.pdf,"Printed caption names both rows: top Mike Mughiti, Julia Wilde, Sam Berman, Arvid Owens; bottom Sonia Baltrun, Anna Robbins, Bessie Herman. This crop is second in top row. Name variants Berman/Barman and Baltrun/Baltruin match the same Oakland City Hall defendant group. Source dates the demonstration December 27; the database groups the case under 1930."
Louis Murray,louis-murray,1930-01-01,louis-murray-chrono2026b.png,https://www.marxists.org/history/usa/pubs/labordefender/1930/v05n05-may-1930-LD.pdf,"Original printed caption explicitly identifies each row left to right. Buffalo group: front row, fourth from left, Louis Murray, sentenced to 100 days."
Sam Barman,sam-barman,1930-01-01,sam-barman-chrono2026b.png,https://www.marxists.org/history/usa/pubs/dailyworker/1930/v06-n334-NY-apr-02-1930-DW-LOC.pdf,"Printed caption names both rows: top Mike Mughiti, Julia Wilde, Sam Berman, Arvid Owens; bottom Sonia Baltrun, Anna Robbins, Bessie Herman. This crop is third in top row. Name variants Berman/Barman and Baltrun/Baltruin match the same Oakland City Hall defendant group. Source dates the demonstration December 27; the database groups the case under 1930."
Sonia Baltruin,sonia-baltruin,1930-01-01,sonia-baltruin-chrono2026b.png,https://www.marxists.org/history/usa/pubs/dailyworker/1930/v06-n334-NY-apr-02-1930-DW-LOC.pdf,"Printed caption names both rows: top Mike Mughiti, Julia Wilde, Sam Berman, Arvid Owens; bottom Sonia Baltrun, Anna Robbins, Bessie Herman. This crop is first in bottom row. Name variants Berman/Barman and Baltrun/Baltruin match the same Oakland City Hall defendant group. Source dates the demonstration December 27; the database groups the case under 1930."
Stephen Graham,stephen-graham,1930-01-01,stephen-graham-chrono2026b.png,https://www.marxists.org/history/usa/pubs/labordefender/1930/v05n01-jan-1930-LD.pdf,"Individual portrait is labeled Stephen Graham. The article identifies the Norfolk labor organizer arrested for organizing Black and white workers, matching the entry."
Einosuke Yamaguchi,einosuke-yamaguchi,1930-01-03,einosuke-yamaguchi-chrono2026b.jpg,https://jimbotimes.com/2023/12/13/btw-l-a-did-you-know-lincoln-heights-jail/,"The original handwritten caption identifies E. Yamaguchi leaving Lincoln Heights Jail in 1932. The accompanying article identifies his ILD-supported departure to the Soviet Union, matching this prisoner. Full historical scene and original caption retained because individual face positions are not separately captioned."
George Pirinsky,george-pirinsky,1930-01-28,george-pirinsky-chrono2026b.png,https://protestantstvo.com/wp-content/uploads/2017/02/SALVATION-ABROAD-MACEDONIAN.pdf#page=200,"Figure 14 explicitly names George Pirinsky and dates the original brochure to 1948. The adjoining discussion identifies the Macedonian immigrant organizer and American Slav Congress leader, matching the entry; this is not his son Georgi Pirinski."
Albert Hedar,albert-hedar,1930-02-04,albert-hedar-chrono2026b.png,https://www.marxists.org/history/usa/pubs/labordefender/1930/v05n05-may-1930-LD.pdf,"Original printed caption explicitly identifies each row left to right. Newark group: second row, fourth from left, Albert Heder, facing sedition charges. The entry spells his surname Hedar; the group and prosecution match."
Edward Childs,edward-childs,1930-02-04,edward-childs-chrono2026b.png,https://www.marxists.org/history/usa/pubs/labordefender/1930/v05n05-may-1930-LD.pdf,"Original printed caption explicitly identifies each row left to right. Newark group: second row, second from left, Edward Childs, facing sedition charges for unemployment demonstrations."
John Pado,john-pado,1930-02-04,john-pado-chrono2026b.png,https://www.marxists.org/history/usa/pubs/labordefender/1930/v05n05-may-1930-LD.pdf,"Original printed caption explicitly identifies each row left to right. Newark group: front row, second from left, John Pado, facing sedition charges for unemployment demonstrations."
Henry Storey,henry-storey,1930-03-01,henry-storey-chrono2026b.png,https://revolutionsnewsstand.com/2025/04/05/76326/,The printed portrait label names Henry Story. The reproduced contemporary biographies identify the Atlanta insurrection defendant and match the entry. Henry Story is spelled Storey in the accompanying biography.
Herbert Newton,herbert-newton,1930-03-01,herbert-newton-chrono2026b.png,https://revolutionsnewsstand.com/2025/04/05/76326/,The printed portrait label names Herbert Newton. The reproduced contemporary biographies identify the Atlanta insurrection defendant and match the entry. Henry Story is spelled Storey in the accompanying biography.
Harry Raymond,harry-raymond,1930-03-06,harry-raymond-chrono2026b.png,https://www.marxists.org/history/usa/pubs/labordefender/1930/v05n04-apr-1930-LD.pdf,"Caption explicitly labels Joseph Leston (left) and Harry Raymond (right), seamen and members of the arrested New York unemployment delegation; this is the right portrait."
Joseph Leston,joseph-leston,1930-03-06,joseph-leston-chrono2026b.png,https://www.marxists.org/history/usa/pubs/labordefender/1930/v05n04-apr-1930-LD.pdf,"Caption explicitly labels Joseph Leston (left) and Harry Raymond (right), seamen and members of the arrested New York unemployment delegation; this is the left portrait."
