id,slug,name,first_case_date,era,result,source
edb2e40a-e30b-43cc-b229-1c487c573ef2,james-franklin,James Franklin,1722-06-01,1700s,verified image prepared,https://www.gutenberg.org/cache/epub/38469/pg38469-images.html
8af1bf8f-7838-4adb-b144-2a9b1a3221d7,john-peter-zenger,John Peter Zenger,1734-11-17,1700s,verified image prepared,https://www.loc.gov/item/2006687175/
b8710448-29ae-46a2-85ab-95f9cf8acddd,moses-sleeper,Moses Sleeper,1777-01-01,1700s,No verified usable image found in this search; not a claim none exists,
9ab508c2-1f2b-4038-83e1-a967465d510d,charles-eddy,Charles Eddy,1777-09-01,1700s,No verified usable image found in this search; not a claim none exists,
d48129fb-43c8-4527-9c1c-1dc6bd3b7a50,charles-jervis,Charles Jervis,1777-09-01,1700s,No verified usable image found in this search; not a claim none exists,
c797950b-7f9d-4ec2-8e15-821648d59cf4,edward-pennington,Edward Pennington,1777-09-01,1700s,verified image prepared,https://www.christies.com/lot/lot-4645715
af7e45a7-c53d-4337-add2-79c2f6a66558,elijah-brown,Elijah Brown,1777-09-01,1700s,No verified usable image found in this search; not a claim none exists,
24eaca82-6647-4f90-a84f-b8e72fbd3a1d,henry-drinker,Henry Drinker,1777-09-01,1700s,verified image prepared,https://www.quakerhouses.com/drinkers-court
928d511e-5585-40b4-854d-d86f219d1ebc,israel-pemberton,Israel Pemberton,1777-09-01,1700s,No verified usable image found in this search; not a claim none exists,
4d76bbc5-3691-48fd-8826-3fb4f97db918,jacobus-quigg,Jacobus Quigg,1777-09-01,1700s,No verified usable image found in this search; not a claim none exists,
8cab8627-a50e-47aa-8ba4-bd8defd2a81b,john-hunt,John Hunt,1777-09-01,1700s,No verified usable image found in this search; not a claim none exists,
261a3158-1c35-4afc-878d-5a9bc61ad13d,john-pemberton,John Pemberton,1777-09-01,1700s,verified image prepared,https://www.quakerhouses.com/drinkers-court
03828423-2ca3-4f81-9399-883039842736,miers-fisher,Miers Fisher,1777-09-01,1700s,verified image prepared,https://librarycompany.org/2024/04/16/shareholder-spotlight-miers-fisher/
68b2a44d-ae20-4019-a42f-68dd8b60fdf4,owen-jones-jr,Owen Jones Jr.,1777-09-01,1700s,No verified usable image found in this search; not a claim none exists,
216767a3-f382-4f87-8bcd-d4b1c7af8c42,phineas-bond,Phineas Bond,1777-09-01,1700s,No verified usable image found in this search; not a claim none exists,
b93db04e-fa51-40cf-b2ee-b4756ab278eb,samuel-pleasants,Samuel Pleasants,1777-09-01,1700s,verified image prepared,https://www.quakerhouses.com/drinkers-court
5a2e639a-124e-4989-9a65-f34c0a8f6799,thomas-affleck,Thomas Affleck,1777-09-01,1700s,No verified usable image found in this search; not a claim none exists,
912a05eb-d3e3-45c7-9efd-bb1f568af74d,thomas-coombe,Thomas Coombe,1777-09-01,1700s,No verified usable image found in this search; not a claim none exists,
6ed7e57c-72de-4c4f-b027-a795a03b041d,thomas-fisher,Thomas Fisher,1777-09-01,1700s,No verified usable image found in this search; not a claim none exists,
d63f8791-6369-486b-b9cc-b4b174c808e2,thomas-gilpin,Thomas Gilpin,1777-09-01,1700s,No verified usable image found in this search; not a claim none exists,
762074f2-5e94-4224-89bb-fb44fa6b2936,thomas-patterson,Thomas Patterson,1777-09-01,1700s,No verified usable image found in this search; not a claim none exists,
d0aa5cfe-efa7-48fc-9694-22ac2dc1bb5d,thomas-pike,Thomas Pike,1777-09-01,1700s,No verified usable image found in this search; not a claim none exists,
7a2eb1c5-5a68-4346-9101-46f4451a902d,thomas-wharton,Thomas Wharton,1777-09-01,1700s,No verified usable image found in this search; not a claim none exists,
4068fd34-27b5-47ce-a602-fcff96a19986,william-drewet-smith,William Drewet Smith,1777-09-01,1700s,No verified usable image found in this search; not a claim none exists,
92a369ff-a800-4b73-819a-add13e703077,william-rodan,William Rodan,1777-09-01,1700s,No verified usable image found in this search; not a claim none exists,
d7b9c39e-c0d5-4a8e-ae4a-0d3a265ebc52,william-smith,William Smith,1777-09-01,1700s,No verified usable image found in this search; not a claim none exists,
cd4e4a75-1c5c-4e36-bcea-2fedec1dd581,red-hawk,Red Hawk,1777-10-01,1700s,No verified usable image found in this search; not a claim none exists,
8f1399fc-8905-40e8-8efb-8e83cf38feea,allanawissica,Allanawissica,1777-11-09,1700s,No verified usable image found in this search; not a claim none exists,
6b34d87e-7832-4686-a29e-0d5132796531,samuel-rowland-fisher,Samuel Rowland Fisher,1779-01-01,1700s,No verified usable image found in this search; not a claim none exists,
265d3667-f317-4adb-b58d-44ef3a94fdc2,eli-parsons,Eli Parsons,1787-01-26,1700s,No verified usable image found in this search; not a claim none exists,
f1e3f45f-ec7a-4e5a-ab15-c97bd8f59d3d,luke-day,Luke Day,1787-01-26,1700s,No verified usable image found in this search; not a claim none exists,
3e008225-8970-4cf4-a355-f951034a2e8c,alpheus-colton,Alpheus Colton,1787-02-01,1700s,No verified usable image found in this search; not a claim none exists,
50f0f19f-0e34-4b36-85e5-00004106b8ab,daniel-ludington,Daniel Ludington,1787-02-01,1700s,No verified usable image found in this search; not a claim none exists,
7a650251-5377-4370-9833-696cd854444a,henry-mcculloch,Henry McCulloch,1787-02-01,1700s,No verified usable image found in this search; not a claim none exists,
9beecb67-548c-4354-8a69-08be131290f0,james-white,James White,1787-02-01,1700s,No verified usable image found in this search; not a claim none exists,
f43a20d7-79e9-4d2c-8499-698860c024e0,jason-parmenter,Jason Parmenter,1787-02-01,1700s,No verified usable image found in this search; not a claim none exists,
244e40b7-7caf-48a1-a0a5-8005f410580c,john-wheeler,John Wheeler,1787-02-01,1700s,No verified usable image found in this search; not a claim none exists,
41752a5b-a1e7-4fad-9861-3b9c2ff057fb,oliver-miller,Oliver Miller,1794-07-16,1700s,No verified usable image found in this search; not a claim none exists,
7341f0a8-66ba-4faf-adef-fd225e1a1cd6,james-mcfarlane,James McFarlane,1794-07-17,1700s,No verified usable image found in this search; not a claim none exists,
8b9a36c2-4fd3-4be1-a827-d058341c8b23,george-lucas,George Lucas,1794-10-20,1700s,No verified usable image found in this search; not a claim none exists,
527c9ccb-3c7d-4ad2-b162-c4f13c074b00,george-wisegarver,George Wisegarver,1794-10-20,1700s,No verified usable image found in this search; not a claim none exists,
4e0034ee-f56c-42bb-b728-2c05f92271ac,herman-husband,Herman Husband,1794-10-20,1700s,No verified usable image found in this search; not a claim none exists,
2c5a2277-4478-4917-9c58-5ccfc5461c43,robert-philson,Robert Philson,1794-10-20,1700s,No verified usable image found in this search; not a claim none exists,
5b61c6f3-4b57-4eed-a9d0-a4c94a7971f6,john-hamilton,John Hamilton,1794-11-11,1700s,No verified usable image found in this search; not a claim none exists,
a9a80342-8ddd-431c-ab60-49ef798c3fcc,philip-wigle,Philip Wigle,1794-11-13,1700s,No verified usable image found in this search; not a claim none exists,
5dbde9a0-3792-48b0-b7cc-06a455cb0238,david-lock,David Lock,1794-11-15,1700s,No verified usable image found in this search; not a claim none exists,
bb7c5910-e8f0-4969-bbc8-b2caa71fcaf6,james-kerr,James Kerr,1794-11-15,1700s,No verified usable image found in this search; not a claim none exists,
a16a5e7d-ab13-4f61-a4d5-b7161ad93ca9,james-robinson,James Robinson,1794-11-15,1700s,No verified usable image found in this search; not a claim none exists,
3f0322e1-9ae2-4240-88a5-3a15705bbdb5,john-corbly,John Corbly,1794-11-15,1700s,No verified usable image found in this search; not a claim none exists,
502cc43e-ec49-4ed9-826c-a2386f7deb31,john-crawford,John Crawford,1794-11-15,1700s,No verified usable image found in this search; not a claim none exists,
18b254f2-bfc0-4ab9-a8c0-fe47ac6e1864,john-flanagan,John Flanagan,1794-11-15,1700s,No verified usable image found in this search; not a claim none exists,
95cb61e7-986c-4f7c-bb3d-cb3059cb20b3,john-gaston,John Gaston,1794-11-15,1700s,No verified usable image found in this search; not a claim none exists,
8dce132c-30eb-4de7-a08a-052b2db42997,john-husy,John Husy,1794-11-15,1700s,No verified usable image found in this search; not a claim none exists,
050c2434-c9f2-4f17-9cfb-9c6c9052ad07,john-laughery,John Laughery,1794-11-15,1700s,No verified usable image found in this search; not a claim none exists,
b0558d7e-9a9a-4843-bc99-1b2921bb609d,john-mcgill,John McGill,1794-11-15,1700s,No verified usable image found in this search; not a claim none exists,
8e61b97f-470a-404c-a51c-bc11247b0874,john-munn,John Munn,1794-11-15,1700s,No verified usable image found in this search; not a claim none exists,
7bc12952-37f0-4e70-8b94-75d2f7306253,john-powers,John Powers,1794-11-15,1700s,No verified usable image found in this search; not a claim none exists,
7365119a-d831-4c98-a413-5de45e73ca06,nathaniel-martin,Nathaniel Martin,1794-11-15,1700s,No verified usable image found in this search; not a claim none exists,
fdd9e7dc-2d3a-4569-9fab-37fa5e8bcb4d,robert-martin,Robert Martin,1794-11-15,1700s,No verified usable image found in this search; not a claim none exists,
e97ae208-3200-4d37-8662-fc6a8068eb20,robert-porter,Robert Porter,1794-11-15,1700s,No verified usable image found in this search; not a claim none exists,
9911845b-a02c-4c85-a735-dec71c0d2673,thomas-mccomb,Thomas McComb,1794-11-15,1700s,No verified usable image found in this search; not a claim none exists,
0d0d25d5-a0a7-4e75-85e5-5ce91d32fe72,thomas-sedgwick,Thomas Sedgwick,1794-11-15,1700s,No verified usable image found in this search; not a claim none exists,
805af32c-0aaa-4825-99c8-896bbc4a96bf,william-crawford,William Crawford,1794-11-15,1700s,No verified usable image found in this search; not a claim none exists,
0740a538-843b-4908-a24c-5a114eff6865,william-johnson,William Johnson,1794-11-15,1700s,No verified usable image found in this search; not a claim none exists,
0113f410-207f-40e3-99be-c569e3541ea6,thomas-lapsley,Thomas Lapsley,1794-12-05,1700s,No verified usable image found in this search; not a claim none exists,
f4a2cf83-81c0-49e9-b337-712ce39a6808,caleb-mountz,Caleb Mountz,1794-12-25,1700s,No verified usable image found in this search; not a claim none exists,
93f150cb-af49-4dc3-b4aa-ff16a8f20a8f,david-bolton,David Bolton,1794-12-25,1700s,No verified usable image found in this search; not a claim none exists,
676793c2-1658-4d32-8e1f-f0ecb8e63021,isaac-walker,Isaac Walker,1794-12-25,1700s,No verified usable image found in this search; not a claim none exists,
ed92d09f-d8b8-47a8-b83c-f599e5daf2e5,james-stewart,James Stewart,1794-12-25,1700s,No verified usable image found in this search; not a claim none exists,
e37cbc6a-c4cb-4055-a165-d87f45d65c6f,john-barnett,John Barnett,1794-12-25,1700s,No verified usable image found in this search; not a claim none exists,
743a00eb-717e-4314-9109-5bc07883c045,john-black,John Black,1794-12-25,1700s,No verified usable image found in this search; not a claim none exists,
33fb7988-c331-4e7d-a5a6-d36e480d5d9d,joseph-posey,Joseph Posey,1794-12-25,1700s,No verified usable image found in this search; not a claim none exists,
b701784a-dc06-409e-9e78-b7fefe12df4b,joseph-scott,Joseph Scott,1794-12-25,1700s,No verified usable image found in this search; not a claim none exists,
9be99458-173c-4cdd-a0ef-9a8eb8d5ad7d,marmaduke-curtis,Marmaduke Curtis,1794-12-25,1700s,No verified usable image found in this search; not a claim none exists,
48446f3a-8631-4146-9594-557e8fab9e2d,philip-vigol,Philip Vigol,1794-12-25,1700s,No verified usable image found in this search; not a claim none exists,
56968f40-11e2-4a79-a765-957e39ef48ca,samuel-nye,Samuel Nye,1794-12-25,1700s,No verified usable image found in this search; not a claim none exists,
35b66b5b-9a59-433e-a7ed-3c22b5787a7a,thomas-burney,Thomas Burney,1794-12-25,1700s,No verified usable image found in this search; not a claim none exists,
34f97700-8feb-4748-b4cf-ee6e75307b1a,thomas-miller,Thomas Miller,1794-12-25,1700s,No verified usable image found in this search; not a claim none exists,
523cd5d9-cdd6-457b-b897-e42bcc851fdb,john-mitchell,John Mitchell,1795-01-19,1700s,No verified usable image found in this search; not a claim none exists,
e0d01b11-cc91-4ec0-9955-f0982e1fb1be,luther-baldwin,Luther Baldwin,1798-07-27,1700s,No verified usable image found in this search; not a claim none exists,
1dae1b4e-7b93-4234-950e-ecf6ba62fd97,thomas-adams,Thomas Adams,1798-10-01,1700s,No verified usable image found in this search; not a claim none exists,
b23d38bc-7bfa-4a26-ad9e-e6e390c57a5f,david-brown,David Brown,1798-11-01,1700s,No verified usable image found in this search; not a claim none exists,
a330e429-e7a4-43c4-b0b0-c574c77ab16e,ann-greenleaf,Ann Greenleaf,1799-01-01,1700s,No verified usable image found in this search; not a claim none exists,
e88216e0-2ea8-43df-97f7-e1ad5924c7eb,benjamin-moye,Benjamin Moye,1799-01-01,1700s,No verified usable image found in this search; not a claim none exists,
239948cf-c89c-42a0-8d64-49f07a05e857,conrad-fahnestock,Conrad Fahnestock,1799-01-01,1700s,No verified usable image found in this search; not a claim none exists,
4f822c04-5b75-4caf-ab5d-273ac68a9ce6,david-frothingham,David Frothingham,1799-01-01,1700s,No verified usable image found in this search; not a claim none exists,
d64132de-8050-4c7d-9e09-bbb399783542,abijah-adams,Abijah Adams,1799-02-01,1700s,No verified usable image found in this search; not a claim none exists,
11181b52-d312-408f-9839-4f4a895d1c8c,anthony-haswell,Anthony Haswell,1799-10-07,1700s,No verified usable image found in this search; not a claim none exists,
27c99c9e-1593-480d-b7d3-37bb351e7c76,charles-holt,Charles Holt,1800-01-01,1700s,verified image prepared,https://www.themagazineantiques.com/article/from-the-archives-freedom-in-miniature-mary-ways-coded-portrait-of-charles-holt/
45f6820a-bc1c-4d36-87d8-a2d159c9b471,william-durrell,William Durrell,1800-01-01,1700s,No verified usable image found in this search; not a claim none exists,
79d58f51-ca1b-466b-8f73-edbc13734e87,james-thompson-callender,James Thompson Callender,1800-05-24,1700s,No verified usable image found in this search; not a claim none exists,
0dd3aa84-8b65-4d98-a819-86634e50f2f5,john-s-lillie,John S. Lillie,1801-01-01,1700s,No verified usable image found in this search; not a claim none exists,
a65ed396-2a8a-400e-b5a7-670af6bcfe61,dominick-a-hall,Dominick A. Hall,1815-03-01,1800s,verified image prepared,https://www.lasc.org/bicentennial/justices/hall_dominick.html
f20254e7-31d3-4df2-970f-09113681f28b,john-dick,John Dick,1815-03-01,1800s,verified image prepared,https://www.laed.uscourts.gov/court-history/judges/dick
ada51c8a-aafe-40a8-827a-dd515e120b7f,louis-louaillier,Louis Louaillier,1815-03-01,1800s,No verified usable image found in this search; not a claim none exists,
64ff6f87-cf02-47ea-a1ab-73776a87845a,john-thompson,John Thompson,1831-03-14,1800s,No verified usable image found in this search; not a claim none exists,
bf7c23e9-2c3a-45dd-94f3-90a9627b1413,james-j-trott,James J. Trott,1831-05-29,1800s,No verified usable image found in this search; not a claim none exists,
6ac5e189-7bd1-4e70-a538-53f4e3945aae,elizur-butler,Elizur Butler,1831-07-07,1800s,No verified usable image found in this search; not a claim none exists,
9eb3b457-0e06-4638-88d0-df567ab334c9,william-mcleod,William McLeod,1831-07-08,1800s,No verified usable image found in this search; not a claim none exists,
17a1cca6-6639-4699-8bd1-e71b59d10bcb,austin-copeland,Austin Copeland,1831-09-15,1800s,No verified usable image found in this search; not a claim none exists,
afd0aa9a-0529-4412-9d10-d11c9e192c0c,benjamin-f-thompson,Benjamin F. Thompson,1831-09-15,1800s,No verified usable image found in this search; not a claim none exists,
bf2ef7b5-3735-4bd1-8071-40ad6bae842c,edward-delosier,Edward Delosier,1831-09-15,1800s,No verified usable image found in this search; not a claim none exists,
e5dfc42e-2cc0-4fd3-bbb9-ade18fbb16e3,james-a-thompson,James A. Thompson,1831-09-15,1800s,No verified usable image found in this search; not a claim none exists,
9b25d2f0-627e-4321-a596-0f5fc29491c3,john-f-wheeler,John F. Wheeler,1831-09-15,1800s,No verified usable image found in this search; not a claim none exists,
a0695f8f-f989-4912-9293-7ffcef54987e,samuel-mays,Samuel Mays,1831-09-15,1800s,No verified usable image found in this search; not a claim none exists,
ab44cfa6-c84c-4dda-976d-81143d081210,surry-eaton,Surry Eaton,1831-09-15,1800s,No verified usable image found in this search; not a claim none exists,
03346a93-8acb-4cdf-b2e7-debd71b56195,thomas-gann,Thomas Gann,1831-09-15,1800s,No verified usable image found in this search; not a claim none exists,
3adc0512-b4fd-4a6a-b79b-3e55af496e33,rutha-blackburn,Rutha Blackburn,1833-06-14,1800s,No verified usable image found in this search; not a claim none exists,
8902b69a-c40b-4401-abc0-0eadbdf57a0e,thornton-blackburn,Thornton Blackburn,1833-06-14,1800s,No verified usable image found in this search; not a claim none exists,
796c6ac8-7302-4bf8-a508-ff196f237aac,reuben-crandall,Reuben Crandall,1835-08-09,1800s,No verified usable image found in this search; not a claim none exists,
027f5fc8-c14c-4ce4-a007-11a9c8d81ce7,john-cross,John Cross,1843-01-01,1800s,verified image prepared,https://queeringtheburbs.substack.com/p/when-the-history-comes-right-to-your
bb0df033-1c99-4716-a29a-2e3db29d6f4e,anson-k-burrill,Anson K. Burrill,1845-01-01,1800s,No verified usable image found in this search; not a claim none exists,
a417355c-6694-4590-b06b-918eb20e4eb4,charles-t-mccumber,Charles T. McCumber,1845-01-01,1800s,No verified usable image found in this search; not a claim none exists,
759db340-8cbe-4046-96aa-e38f2dacde6a,lewis-knapp,Lewis Knapp,1845-01-01,1800s,No verified usable image found in this search; not a claim none exists,
df63d4f0-94b1-41a6-a394-65cf41f5099f,mark-caesar,Mark Caesar,1845-01-01,1800s,No verified usable image found in this search; not a claim none exists,
044902f4-2620-4641-b020-043bbdbb836d,silas-tompkins,Silas Tompkins,1845-01-01,1800s,No verified usable image found in this search; not a claim none exists,
e527e473-799f-4347-8f68-fe0e5c525fa4,william-wheeler,William Wheeler,1845-01-01,1800s,No verified usable image found in this search; not a claim none exists,
3457a195-7f3f-4b3c-9142-186515a9c608,calvin-madison,Calvin Madison,1845-08-01,1800s,No verified usable image found in this search; not a claim none exists,
a98e32b3-28b4-407b-8b4c-54ef9ea5f2f6,daniel-northrup,Daniel Northrup,1845-08-01,1800s,No verified usable image found in this search; not a claim none exists,
0a2657ba-7843-4897-b721-33f8f85600c3,daniel-w-squires,Daniel W. Squires,1845-08-01,1800s,No verified usable image found in this search; not a claim none exists,
95592211-ca81-4677-80d2-45ca6ad5f779,isaac-l-burhans,Isaac L. Burhans,1845-08-01,1800s,No verified usable image found in this search; not a claim none exists,
6bb147a8-ed3a-4d35-bf38-6d05806f127f,john-burtch,John Burtch,1845-08-01,1800s,No verified usable image found in this search; not a claim none exists,
d1ec7437-7a95-4793-942c-8d385e11b5d2,john-j-warner,John J. Warner,1845-08-01,1840s,No verified usable image found in this search; not a claim none exists,
2c58214f-b19d-446d-8069-11a47430a9c4,john-lathan,John Lathan,1845-08-01,1800s,No verified usable image found in this search; not a claim none exists,
526773fc-9d13-4e36-9a43-9a61cc834448,john-phoenix,John Phoenix,1845-08-01,1800s,No verified usable image found in this search; not a claim none exists,
dd3931e4-36df-42bb-9067-14a26788c2d8,william-brisbane,William Brisbane,1845-08-01,1800s,No verified usable image found in this search; not a claim none exists,
1176e00c-05a5-4547-ab22-b0cebbcdb690,william-joscelyn,William Joscelyn,1845-08-01,1800s,No verified usable image found in this search; not a claim none exists,
6a583bc4-84bb-4e91-8eaa-f51681384cb1,william-reside,William Reside,1845-08-01,1800s,No verified usable image found in this search; not a claim none exists,
7255298e-08ef-43b2-8256-aed9f16e1544,william-vroman,William Vroman,1845-08-01,1840s,No verified usable image found in this search; not a claim none exists,
1c6b17ad-f4bf-44ff-9f32-d3e356e6a671,zera-preston,Zera Preston,1845-08-01,1800s,No verified usable image found in this search; not a claim none exists,
93e7d6b8-f03b-48c2-9ab0-397e529dbc1b,john-van-steenburgh,John Van Steenburgh,1845-08-07,1800s,No verified usable image found in this search; not a claim none exists,
e06128a0-06c0-457a-9fe4-296caf7be545,moses-earle,Moses Earle,1845-08-07,1800s,No verified usable image found in this search; not a claim none exists,
ae5e261b-15ae-4b32-8473-02a72ff9f80f,luther-donnell,Luther Donnell,1847-01-01,1800s,No verified usable image found in this search; not a claim none exists,
934e08a9-23d5-4de0-9aae-e9ff53ab905e,john-riley,John Riley,1847-08-20,1800s,No verified usable image found in this search; not a claim none exists,
e560030d-e47b-4eaa-80b7-22aa4194ad02,john-hunn,John Hunn,1848-01-01,1800s,verified image prepared,https://history.delaware.gov/flight-to-freedom/people_hunn/
8e048b43-bdae-46a0-9893-87796951985e,edward-sayres,Edward Sayres,1848-04-18,1800s,No verified usable image found in this search; not a claim none exists,
78d4df29-ff0f-4b27-9a8c-851936bb0b33,shadrach-minkins,Shadrach Minkins,1851-02-15,1800s,No verified usable image found in this search; not a claim none exists,
13c185e7-7ca5-4e6f-b526-e5bca99f6895,isaac-gibson,Isaac Gibson,1851-03-01,1800s,No verified usable image found in this search; not a claim none exists,
5b17364e-c590-42d5-aa52-3bce4394945b,joseph-scarlett,Joseph Scarlett,1851-09-15,1800s,No verified usable image found in this search; not a claim none exists,
8d9fd8ce-e33b-41a5-93d5-11e50ca5f17b,enoch-reed,Enoch Reed,1851-10-10,1800s,No verified usable image found in this search; not a claim none exists,
09a28d53-7b35-481a-b12f-4924e2ac13e2,ira-cobb,Ira Cobb,1851-10-10,1800s,No verified usable image found in this search; not a claim none exists,
86cd9b8b-1d88-499d-855d-aa6978e2c643,john-j-roberts,John J. Roberts,1854-05-26,1850s,No verified usable image found in this search; not a claim none exists,
0919803b-4e88-41cd-bfe3-55136a908038,walter-bishop,Walter Bishop,1854-05-26,1850s,No verified usable image found in this search; not a claim none exists,
04381887-0610-4d26-ae59-a69bf41f19c1,walter-phoenix,Walter Phoenix,1854-05-26,1850s,No verified usable image found in this search; not a claim none exists,
5abfba2c-d5fc-45d3-988c-3eb777c9986e,john-c-cluer,John C. Cluer,1854-05-27,1850s,No verified usable image found in this search; not a claim none exists,
a1f75b9f-686f-46b9-9bc4-14d832bc7e7e,john-morrison,John Morrison,1854-05-27,1850s,No verified usable image found in this search; not a claim none exists,
0b801fad-03c1-47f7-a90f-d49172be5009,martin-stowell,Martin Stowell,1854-06-07,1800s,verified image prepared,https://history.nebraska.gov/wp-content/uploads/2017/11/doc_publications_NH1993Martin_Stowell.pdf
5d839cea-0149-45f9-bd48-fde51ffb88a4,oswell-wright,Oswell Wright,1857-01-01,1800s,No verified usable image found in this search; not a claim none exists,
b859afc8-424f-4093-9cc7-a0898973a914,hugh-hazlett,Hugh Hazlett,1858-01-01,1800s,No verified usable image found in this search; not a claim none exists,
2daf5a40-2d17-4f0e-bfd2-b30e34fc2067,william-baylis,William Baylis,1858-01-01,1800s,No verified usable image found in this search; not a claim none exists,
78e9422f-77a6-4f84-b436-f90b8b4250a5,william-e-lincoln,William E. Lincoln,1859-01-14,1800s,verified image prepared,https://www.loc.gov/pictures/item/2003669978/
993a41b4-ed48-45f1-9dce-d60c7fa09d34,ansel-w-lyman,Ansel W. Lyman,1859-04-15,1800s,verified image prepared,https://www.loc.gov/pictures/item/2003669978/
1e858e4a-7aa9-4211-b150-11647d0a8fc5,daniel-williams,Daniel Williams,1859-04-15,1800s,verified image prepared,https://www.loc.gov/pictures/item/2003669978/
50e852a5-2a16-4153-a66d-c405f624e9b7,david-watson,David Watson,1859-04-15,1800s,verified image prepared,https://www.loc.gov/pictures/item/2003669978/
e5e9865c-f9cb-4b5c-aed1-0c6296615fc1,eli-boies,Eli Boies,1859-04-15,1800s,verified image prepared,https://www.loc.gov/pictures/item/2003669978/
21437a9a-5de7-49ac-9154-49280f031e6e,henry-e-peck,Henry E. Peck,1859-04-15,1800s,verified image prepared,https://www.loc.gov/pictures/item/2003669978/
9a06378b-655d-4c2a-8bbc-5b44b25c938d,henry-evans,Henry Evans,1859-04-15,1800s,verified image prepared,https://www.loc.gov/pictures/item/2003669978/
1f97dd68-9fc4-4d61-bbda-f586d7f6fd9e,jacob-r-shipherd,Jacob R. Shipherd,1859-04-15,1800s,verified image prepared,https://www.loc.gov/pictures/item/2003669978/
65d8ae6a-f675-4407-9d0a-d5997d0ea35a,james-bartlett,James Bartlett,1859-04-15,1800s,No verified usable image found in this search; not a claim none exists,
245efed8-8e1a-40d4-b7ec-014fd24752eb,james-m-fitch,James M. Fitch,1859-04-15,1800s,verified image prepared,https://www.loc.gov/pictures/item/2003669978/
d357e0b0-02be-4938-853b-91d4b19a6928,john-h-scott,John H. Scott,1859-04-15,1800s,verified image prepared,https://www.loc.gov/pictures/item/2003669978/
ed770d3e-9678-4e98-b4f2-26141520de34,john-watson,John Watson,1859-04-15,1800s,verified image prepared,https://www.loc.gov/pictures/item/2003669978/
8535e314-d5ea-41b5-bf6b-150facbcbacd,loring-wadsworth,Loring Wadsworth,1859-04-15,1800s,verified image prepared,https://www.loc.gov/pictures/item/2003669978/
4b658124-de7d-42e0-b652-1487ee694c22,matthew-gillett,Matthew Gillett,1859-04-15,1800s,verified image prepared,https://www.loc.gov/pictures/item/2003669978/
e4adb6c9-14b4-4091-8dbb-ea8190238985,orindatus-simon-bolivar-wall,Orindatus Simon Bolivar Wall,1859-04-15,1800s,verified image prepared,https://www.loc.gov/pictures/item/2003669978/
7c248ec9-e899-4117-bbc5-b8774a687de1,ralph-plumb,Ralph Plumb,1859-04-15,1800s,verified image prepared,https://commons.wikimedia.org/wiki/File:Ralph_Plumb_(1816%E2%80%931903).png
6f21e84e-f2c2-4600-b727-91ca8e555648,richard-winsor,Richard Winsor,1859-04-15,1800s,verified image prepared,https://www.loc.gov/pictures/item/2003669978/
85ac9cec-038e-467e-a293-7fa8526efb4f,simeon-bushnell,Simeon Bushnell,1859-04-15,1800s,verified image prepared,https://www.loc.gov/pictures/item/2003669978/
a5520977-bde2-4988-8253-81e0a48e6c66,wilson-bruce-evans,Wilson Bruce Evans,1859-04-15,1800s,verified image prepared,https://www.loc.gov/pictures/item/2003669978/
81002e9c-b8b9-438c-bfd8-9ccdff296815,robert-l-cummings,Robert L. Cummings,1859-05-05,1800s,No verified usable image found in this search; not a claim none exists,
63549bfe-2dd8-487d-bca1-e946631589b1,henry-d-niles,Henry D. Niles,1859-05-06,1800s,No verified usable image found in this search; not a claim none exists,
a95ec1b8-74b7-481c-bcf7-373604f04b70,john-mandeville,John Mandeville,1859-05-06,1800s,No verified usable image found in this search; not a claim none exists,
0d5a606b-7d1c-422f-9c7d-34e9757a37bb,abner-loveland,Abner Loveland,1859-05-12,1800s,No verified usable image found in this search; not a claim none exists,
1364e0fb-3f26-41c5-9c8b-624034ae3b1e,matthew-de-wolfe,Matthew De Wolfe,1859-05-12,1800s,No verified usable image found in this search; not a claim none exists,
ea58afcf-1e9c-409c-bdb4-97156c574e03,edward-t-sheldon,Edward T. Sheldon,1860-02-01,1800s,No verified usable image found in this search; not a claim none exists,
c6334b91-db8e-4691-997a-ad2039261aa2,george-armistead-appleton,George Armistead Appleton,1861-01-01,1800s,No verified usable image found in this search; not a claim none exists,
09f7cfa5-6106-477a-9ee4-fa2cf86a28cf,robert-douglas,Robert Douglas,1861-01-01,1800s,No verified usable image found in this search; not a claim none exists,
f8721d15-82e8-41fb-b161-f0cd438f096e,charles-d-hinks,Charles D. Hinks,1861-07-01,1800s,No verified usable image found in this search; not a claim none exists,
f84533dd-0bd4-4089-bf9c-e84242ec0ad3,charles-howard,Charles Howard,1861-07-01,1800s,No verified usable image found in this search; not a claim none exists,
992d98d6-be23-46f7-b4b9-dde657738299,john-w-davis,John W. Davis,1861-07-01,1800s,No verified usable image found in this search; not a claim none exists,
d4f092f1-987a-4301-93e0-ae7d72a9b7ba,william-h-gatchell,William H. Gatchell,1861-07-01,1800s,No verified usable image found in this search; not a claim none exists,
4a13077e-e64e-4a11-a06b-ac053cb587a5,charles-h-pitts,Charles H. Pitts,1861-09-01,1800s,No verified usable image found in this search; not a claim none exists,
49a0251c-b9f2-4d3a-b3c4-1acd9c4d3192,harkins-scott,Harkins Scott,1861-09-01,1800s,No verified usable image found in this search; not a claim none exists,
ba5218c0-76fa-4dbe-8e43-c80e84003b3e,henry-m-warfield,Henry M. Warfield,1861-09-01,1800s,No verified usable image found in this search; not a claim none exists,
ebdd78f3-0cf2-4f35-9b3a-97e971dc17d3,henry-may,Henry May,1861-09-01,1800s,No verified usable image found in this search; not a claim none exists,
382e5324-be24-4d44-b784-dd6ced342b9a,i-adamson-thomas,I. Adamson Thomas,1861-09-01,1800s,No verified usable image found in this search; not a claim none exists,
5c98f85c-32ae-45d5-869a-344b56c68dc5,lawrence-sangston,Lawrence Sangston,1861-09-01,1800s,No verified usable image found in this search; not a claim none exists,
3dad60ac-9363-4236-a0b2-a185ea255e61,william-g-harrison,William G. Harrison,1861-09-01,1800s,No verified usable image found in this search; not a claim none exists,
23681928-08da-45b4-aa59-31c2d3119aba,d-d-foley,D. D. Foley,1861-10-21,1800s,No verified usable image found in this search; not a claim none exists,
0f88e3c4-818c-40ba-ab21-525d880b68d6,christopher-haun,Christopher Haun,1861-11-01,1800s,verified image prepared,https://commons.wikimedia.org/wiki/File:Christopher_Haun.png
e7d642d8-1ca0-446f-be7e-15a82770e3a3,henry-fry,Henry Fry,1861-11-01,1800s,No verified usable image found in this search; not a claim none exists,
77a75a84-5b19-4a60-a407-ba6647d2eb74,henry-harmon,Henry Harmon,1861-11-01,1800s,No verified usable image found in this search; not a claim none exists,
a93cb2e0-10bb-4219-b15d-38588111caa2,jacob-harmon,Jacob Harmon,1861-11-01,1800s,No verified usable image found in this search; not a claim none exists,
f69469ea-705a-4bd3-9d55-5879ff181be1,jacob-hinshaw,Jacob Hinshaw,1861-11-01,1800s,No verified usable image found in this search; not a claim none exists,
ae7948e6-23ac-4c16-8ec0-36bfc217e7c2,burnham-wardwell,Burnham Wardwell,1862-01-01,1800s,No verified usable image found in this search; not a claim none exists,
950924ba-4a74-4ffc-bc1a-fcbf24b91611,david-fry,David Fry,1862-01-01,1800s,No verified usable image found in this search; not a claim none exists,
2c6fdae9-7c0a-494c-90fa-85659d52af70,himelius-hockett,Himelius Hockett,1862-04-04,1800s,No verified usable image found in this search; not a claim none exists,
9e13363f-6d0c-41b0-b0aa-9fce91b6375e,jesse-hockett,Jesse Hockett,1862-04-04,1800s,No verified usable image found in this search; not a claim none exists,
fa3eec94-da18-41dd-a329-8e6445176a22,edward-stevenson,Edward Stevenson,1862-06-30,1800s,No verified usable image found in this search; not a claim none exists,
24468c13-52c3-4fa7-b018-b6cafa7bb879,alexander-h-jones,Alexander H. Jones,1863-01-01,1800s,verified image prepared,https://hd.housedivided.dickinson.edu/node/47107
1895e03b-3855-4bd0-8f1e-9461471857ec,seth-laughlin,Seth Laughlin,1863-01-01,1800s,No verified usable image found in this search; not a claim none exists,
eac372fc-7660-4395-9490-37c2c7924d25,william-hockett,William Hockett,1863-01-01,1800s,No verified usable image found in this search; not a claim none exists,
1fedd722-7271-4af8-b93b-1439cf8bf3f9,lindley-macomber,Lindley Macomber,1863-07-01,1800s,No verified usable image found in this search; not a claim none exists,
25d6ef76-d130-43af-850a-7a0740f1f033,william-bright,William Bright,1863-07-06,1800s,No verified usable image found in this search; not a claim none exists,
0e40a77e-fa1d-4825-9d1a-59bd08dc1c5e,peter-dakin,Peter Dakin,1863-07-13,1800s,No verified usable image found in this search; not a claim none exists,
d9349880-5cc8-428b-abdf-c3ab1ccd13c3,henry-w-long,Henry W. Long,1863-09-12,1800s,No verified usable image found in this search; not a claim none exists,
4f894a97-a630-4491-a591-f4b3df63102a,b-h-mccown,B. H. McCown,1863-09-28,1800s,No verified usable image found in this search; not a claim none exists,
530f5e02-62b8-4c2c-aafb-e6643ea46410,henry-c-hearne,Henry C. Hearne,1863-10-10,1800s,No verified usable image found in this search; not a claim none exists,
4f2a85cf-f788-48e7-8746-e37612c18ead,patrick-h-hearne,Patrick H. Hearne,1863-10-10,1800s,No verified usable image found in this search; not a claim none exists,
adaf27d0-2d89-4fc0-a3f4-7cfdbe9760f6,thomas-cannon,Thomas Cannon,1863-10-10,1800s,No verified usable image found in this search; not a claim none exists,
a984711b-9a70-492f-8571-ceb731dbbbec,william-bradley,William Bradley,1863-10-10,1800s,No verified usable image found in this search; not a claim none exists,
c69ff0c4-3609-4c9e-846f-702d810cc6b3,william-c-rust,William C. Rust,1863-10-10,1800s,No verified usable image found in this search; not a claim none exists,
4a6e0546-c31f-4e58-b0e9-1ff71bbd2773,william-h-hitch,William H. Hitch,1863-10-10,1800s,No verified usable image found in this search; not a claim none exists,
67bb82f4-38c5-4b06-b83f-63efcba15d0f,charles-h-drummond,Charles H. Drummond,1863-11-08,1800s,No verified usable image found in this search; not a claim none exists,
177b50d5-0b1c-444b-8da0-fe481ada5835,jesse-d-sykes,Jesse D. Sykes,1863-11-08,1800s,No verified usable image found in this search; not a claim none exists,
8ec70512-1d46-41b2-8898-8a640aa8f6fa,john-shanks,John Shanks,1863-11-08,1800s,No verified usable image found in this search; not a claim none exists,
39cdb4b4-49cc-4f3b-86bb-6967bb3bf6ea,slaughter-bradford,Slaughter Bradford,1863-11-12,1800s,No verified usable image found in this search; not a claim none exists,
cde0fda4-8908-4854-8fd3-0461b2a9b93c,carlos-m-de-la-mar,Carlos M. De La Mar,1863-11-26,1800s,No verified usable image found in this search; not a claim none exists,
62b48d61-1527-4f3c-85fc-7b8d64f8e0a3,robert-w-rasin,Robert W. Rasin,1863-11-26,1800s,No verified usable image found in this search; not a claim none exists,
a357fdf6-168b-458d-a3c3-062cb15f58ad,hannah-toliver,Hannah Toliver,1864-01-01,1800s,No verified usable image found in this search; not a claim none exists,
836fdec0-23d6-4567-987d-e77830c13b4b,harrison-h-dodd,Harrison H. Dodd,1864-01-01,1800s,No verified usable image found in this search; not a claim none exists,
dd7672f6-816f-4447-8e18-2102883fae04,francis-a-richardson,Francis A. Richardson,1864-02-04,1800s,No verified usable image found in this search; not a claim none exists,
37e004fc-b4df-4e69-a4a6-cef9f9ad5c72,stephen-j-joice,Stephen J. Joice,1864-02-04,1800s,No verified usable image found in this search; not a claim none exists,
8c9e37c7-0298-4311-9c2b-c55a03be07ea,hazwell-magruder,Hazwell Magruder,1864-04-07,1800s,No verified usable image found in this search; not a claim none exists,
19c07424-20e4-4b4b-a903-2b48be53cb35,joseph-w-boucher,Joseph W. Boucher,1864-04-19,1800s,No verified usable image found in this search; not a claim none exists,
07b162f4-f68d-4d89-869a-83103cd660d8,kent-williams,Kent Williams,1864-04-19,1800s,No verified usable image found in this search; not a claim none exists,
6ddf8c13-5c98-41de-bbf0-9bb2d5e2b4b6,samuel-h-pairo,Samuel H. Pairo,1864-04-19,1800s,No verified usable image found in this search; not a claim none exists,
ebe67ef0-2969-4ac7-a997-c4e7e22ce48c,william-t-aud,William T. Aud,1864-04-23,1800s,No verified usable image found in this search; not a claim none exists,
16f8f721-10f4-4325-acb5-210f3af9a2e1,edward-worrell,Edward Worrell,1864-07-12,1800s,No verified usable image found in this search; not a claim none exists,
7334fa36-884f-4e2b-9353-d57cd8d9eba6,charles-f-fadeley,Charles F. Fadeley,1864-08-21,1800s,No verified usable image found in this search; not a claim none exists,
0fab47e4-7fc2-4ae1-a44e-6c3682056bc2,e-l-bentley,E. L. Bentley,1864-08-21,1800s,No verified usable image found in this search; not a claim none exists,
1f3d63a7-8f4d-4405-bca6-5ae61325755e,george-ryan,George Ryan,1864-08-21,1910s,No verified usable image found in this search; not a claim none exists,
aa8610fc-d803-4054-b3d8-32198f38a1bb,john-l-rinker,John L. Rinker,1864-08-21,1800s,No verified usable image found in this search; not a claim none exists,
acd43fa5-894a-4428-9445-52a73afc6c66,thomas-w-edwards,Thomas W. Edwards,1864-08-21,1800s,No verified usable image found in this search; not a claim none exists,
eed7bae1-3f8d-4da7-b0f8-18f365ede9ee,william-cross,William Cross,1864-08-21,1800s,No verified usable image found in this search; not a claim none exists,
73f358fa-6448-4de7-8d08-6906929553dc,william-s-pickett,William S. Pickett,1864-08-21,1800s,No verified usable image found in this search; not a claim none exists,
f11daabf-c0e5-441c-8309-73c934f4fc59,f-l-galleher,F. L. Galleher,1864-09-01,1800s,No verified usable image found in this search; not a claim none exists,
4e5d8592-c65e-43d5-ba87-108d17144c55,george-w-harris,George W. Harris,1864-09-10,1800s,No verified usable image found in this search; not a claim none exists,
e18508f4-5a73-493e-9534-d28113ce1d7a,o-a-kinsolving,O. A. Kinsolving,1864-09-10,1800s,No verified usable image found in this search; not a claim none exists,
afa38b4b-c9dc-43b5-ab8f-fee9733bff38,william-f-davis,William F. Davis,1887-01-01,1800s,No verified usable image found in this search; not a claim none exists,
10b10313-4197-44b9-832a-55a00558a179,hugh-dempsey,Hugh Dempsey,1892-07-21,1800s,No verified usable image found in this search; not a claim none exists,
02fcaec1-c829-411f-90c4-b37e20a31aea,eugene-debs,Eugene Debs,1894-07-10,1910s,verified image prepared,https://www.loc.gov/item/92519594/
7e5567ed-c694-43e1-a2dd-bb81028a5ae6,alexander-campbell,Alexander Campbell,,1800s,verified image prepared,https://wynninghistory.com/2025/03/26/alexander-campbell-dungloe/
e0d4e7d4-11d4-4fb6-82c8-0ff9f8f76500,alfred-campbell-belt,Alfred Campbell Belt,,1800s,No verified usable image found in this search; not a claim none exists,
f04021da-2451-48e1-9930-36de19f5e84a,barncho,Barncho,,1800s,No verified usable image found in this search; not a claim none exists,
038d9482-c2dc-49b0-9090-e457146e930c,benjamin-merrill,Benjamin Merrill,,1700s,No verified usable image found in this search; not a claim none exists,
72a3c5db-7d62-408a-bd23-e2e5081c5074,benjamin-parkinson,Benjamin Parkinson,,1700s,No verified usable image found in this search; not a claim none exists,
bf8e7e97-6d7e-44e2-9ac4-f33b94478b46,charles-rose,Charles Rose,,1700s,No verified usable image found in this search; not a claim none exists,
ecf837ea-5bc7-44b2-9d42-51ceae05476d,charles-sharp,Charles Sharp,,1800s,No verified usable image found in this search; not a claim none exists,
c88930bf-01df-46e8-ab9a-476a42c9f888,charles-stearns,Charles Stearns,,1800s,No verified usable image found in this search; not a claim none exists,
54c4c27b-dac1-435c-ab0b-70a7581d227f,charles-wright,Charles Wright,,1800s,No verified usable image found in this search; not a claim none exists,
07fd59cb-7a58-4a5c-8a39-244f75c6bbf1,chief-leschi,Chief Leschi,,1800s,verified image prepared,https://commons.wikimedia.org/wiki/File:Chief_Leschi.jpg
f7f3e81e-e308-42c3-b9fa-5c61189b3bb0,daniel-flanagan,Daniel Flanagan,,1800s,No verified usable image found in this search; not a claim none exists,
2f6f2cfc-e5d4-4314-90fd-ae011c9b35ea,david-mathews,David Mathews,,1700s,No verified usable image found in this search; not a claim none exists,
185a95bf-6030-49e0-9d74-15a1abdb3c48,david-schaeffer,David Schaeffer,,1700s,No verified usable image found in this search; not a claim none exists,
d3b17f30-6f36-48c4-aabe-4e6b7a28dcb9,dennis-donnelly,Dennis Donnelly,,1800s,No verified usable image found in this search; not a claim none exists,
b469773a-34d9-47ca-bc81-8ac50f8a65d0,dougherty,Dougherty,,1800s,No verified usable image found in this search; not a claim none exists,
adff310a-e5f5-4b17-8626-9b908c62b1e2,edward-j-devitt,Edward J. Devitt,,1800s,No verified usable image found in this search; not a claim none exists,
dacb0d62-f1d9-4928-ab80-22bf80457212,edward-j-kelly,Edward J. Kelly,,1800s,verified image prepared,https://republicanarchive.com/wp-content/uploads/2025/09/rising-of-the-moon-august-1969.pdf#page=15
65e5fa95-71b2-4bf4-825b-80042ba4ea32,francis-oconnor,Francis O'Connor,,1800s,No verified usable image found in this search; not a claim none exists,
2a787459-2280-4f3d-ad19-be52706c4d87,frank-a-price,Frank A. Price,,1800s,No verified usable image found in this search; not a claim none exists,
5351c89c-272c-4e16-92f1-f9d6d79a836c,frank-t-grady,Frank T. Grady,,1800s,No verified usable image found in this search; not a claim none exists,
6e4bca05-1ded-4dd8-9414-a93d77247843,frederick-heaney,Frederick Heaney,,1700s,No verified usable image found in this search; not a claim none exists,
d69c5ddf-7e38-4d7b-bc8f-a8806957e731,george-butler,George Butler,,1800s,No verified usable image found in this search; not a claim none exists,
4b3e92fa-8bf9-410a-ab22-0766b1202020,gillet-thorn,Gillet Thorn,,1800s,No verified usable image found in this search; not a claim none exists,
4d2760c7-3803-42ae-a268-581891bd3448,henry-sack,Henry Sack,,1800s,No verified usable image found in this search; not a claim none exists,
996ae0ea-f7e5-421a-a8c1-ba674f179ffb,hugh-mcgehan,Hugh McGehan,,1800s,verified image prepared,https://commons.wikimedia.org/wiki/File:Hugh_McGehan_and_James_Roarity_MET_217575.jpg
58b1f22f-3ebf-463c-9e3b-e0df474bfef3,james-boyle,James Boyle,,1800s,No verified usable image found in this search; not a claim none exists,
85f5679a-7625-49b0-80ec-2a7dd15832f1,james-carroll,James Carroll,,1800s,verified image prepared,https://republicanarchive.com/wp-content/uploads/2025/09/rising-of-the-moon-august-1969.pdf#page=15
942cae83-a0d9-4623-aebe-f4c3fd785d77,james-few,James Few,,1700s,No verified usable image found in this search; not a claim none exists,
f1b79622-5eed-4d02-aff3-5167ac6b8e20,james-mcdonnell,James McDonnell,,1800s,No verified usable image found in this search; not a claim none exists,
9e23d704-2984-4152-b0fe-0fc8cd60f82f,james-roarity,James Roarity,,1800s,verified image prepared,https://commons.wikimedia.org/wiki/File:Hugh_McGehan_and_James_Roarity_MET_217575.jpg
3d9aaf88-217c-4d1a-ab38-53018d72b6d1,james-russell-hallam,James Russell Hallam,,1800s,No verified usable image found in this search; not a claim none exists,
797a42a5-deac-40ae-a1d0-c52da926734f,james-s-pleasants,James S. Pleasants,,1800s,No verified usable image found in this search; not a claim none exists,
a5fbdd55-c907-42c5-8edf-52d7c8327106,john-a-atwood,John A. Atwood,,1800s,No verified usable image found in this search; not a claim none exists,
4a2fd427-c29d-4753-b070-e4c67bed96eb,john-a-cummings,John A. Cummings,,1800s,No verified usable image found in this search; not a claim none exists,
f9985d82-8b5a-4059-94a1-a8468a137207,john-cresswell,John Cresswell,,1700s,No verified usable image found in this search; not a claim none exists,
293d98bc-9545-4b25-a1a5-5a9ccd5d8f16,john-daly-burk,John Daly Burk,,1700s,No verified usable image found in this search; not a claim none exists,
608183e7-1cf7-45e4-9faa-ee4ee784c425,john-donahue,John Donahue,,1800s,No verified usable image found in this search; not a claim none exists,
ee8d5db8-2ad4-4bc3-9469-44a767b2da80,john-fries,John Fries,,1700s,No verified usable image found in this search; not a claim none exists,
5800517e-c843-418b-950f-79a82ff67be0,john-getman,John Getman,,1700s,No verified usable image found in this search; not a claim none exists,
8630cdbe-200b-4fb3-a5a1-1ef4bfdafb5b,john-gill-craven,John Gill Craven,,1800s,No verified usable image found in this search; not a claim none exists,
84370294-76fa-4a4b-9ce0-e15b388bf7c7,john-h-waring,John H. Waring,,1800s,No verified usable image found in this search; not a claim none exists,
8660e715-ecf2-4439-855d-0be93e08d876,john-holcroft,John Holcroft,,1700s,No verified usable image found in this search; not a claim none exists,
3dbd8268-9153-4da9-bc48-1bbdbf51e17c,john-mason,John Mason,,1800s,No verified usable image found in this search; not a claim none exists,
a7b96b41-4fde-4b7c-9595-b7ee97e80fa1,lawrence-h-mathews,Lawrence H. Mathews,,1800s,No verified usable image found in this search; not a claim none exists,
8cc07fa3-cc92-4b21-817f-6515ccbb0a34,levin-l-waters,Levin L. Waters,,1800s,No verified usable image found in this search; not a claim none exists,
c12167e2-76a1-497a-a20c-f73592a33b1f,martin-bergen,Martin Bergen,,1800s,No verified usable image found in this search; not a claim none exists,
522107b8-dd7f-4d63-8660-dd35d22c12ee,michael-schmoyer,Michael Schmoyer,,1700s,No verified usable image found in this search; not a claim none exists,
35fb7a39-5418-4426-8823-572ecfaf4918,mortimer-c-lovett,Mortimer C. Lovett,,1800s,No verified usable image found in this search; not a claim none exists,
7a458dd2-92ae-452c-958e-c4d18d1ef2e6,moses-dunbar,Moses Dunbar,,1700s,No verified usable image found in this search; not a claim none exists,
0905645f-a94a-4a51-86e3-844986e03ed8,noel,Noel,,1800s,No verified usable image found in this search; not a claim none exists,
c4b6cf6a-b47c-4620-aee3-c69bc00fffad,patrick-dalton,Patrick Dalton,,1800s,No verified usable image found in this search; not a claim none exists,
0327a9de-54bd-4472-b323-ee1de4fc18e5,patrick-hester,Patrick Hester,,1800s,No verified usable image found in this search; not a claim none exists,
e881a365-c31e-4adf-8404-98e7380fba95,patrick-tully,Patrick Tully,,1800s,No verified usable image found in this search; not a claim none exists,
c3b8512d-53e5-4fe7-b121-ea5f5d896dd7,peter-lisle,Peter Lisle,,1700s,No verified usable image found in this search; not a claim none exists,
b0c4f004-b9e4-4386-95f9-26a67336d73d,peter-mchugh,Peter McHugh,,1800s,No verified usable image found in this search; not a claim none exists,
bee45e45-7595-474a-89a3-c0eafefcb55a,phillip-desch,Phillip Desch,,1700s,No verified usable image found in this search; not a claim none exists,
50a693a7-d799-4b34-bc31-0b3c32987b11,richard-eells,Richard Eells,,1800s,No verified usable image found in this search; not a claim none exists,
c62dfc57-b70c-42fc-ab04-5c0322336813,richards,Richards,,1800s,No verified usable image found in this search; not a claim none exists,
ea24a4d7-03cb-4d36-8023-b4135ca11409,robert-fee,Robert Fee,,1800s,No verified usable image found in this search; not a claim none exists,
082a55a6-ea32-4576-95d9-9a99d73505b1,santiago-oleary,Santiago O'Leary,,1800s,No verified usable image found in this search; not a claim none exists,
50b692c0-c138-471a-97a9-b46c3d890aea,slolux,Slolux,,1800s,No verified usable image found in this search; not a claim none exists,
10feca93-a77b-416b-9635-b390f014587c,solomon-porter,Solomon Porter,,1800s,No verified usable image found in this search; not a claim none exists,
e0830560-9892-43e6-818f-25559dd4814a,t-jefferson-shreve,T. Jefferson Shreve,,1800s,No verified usable image found in this search; not a claim none exists,
cd7cab1f-7aee-48a4-9f3a-63e4e66f712f,t-r-kinget,T. R. Kinget,,1800s,No verified usable image found in this search; not a claim none exists,
ccc38c7b-cbc0-4667-8fa7-b4ddbd95885f,thomas-brown,Thomas Brown,,1700s,No verified usable image found in this search; not a claim none exists,
9e97ac69-f0a5-4ac0-8c41-f60f3668d4b7,thomas-p-beach,Thomas P. Beach,,1800s,No verified usable image found in this search; not a claim none exists,
741e4243-cde7-4b20-bd4b-3e06a28670cf,thomas-p-fisher,Thomas P. Fisher,,1800s,No verified usable image found in this search; not a claim none exists,
979c5604-7e44-4d28-8bdf-cb7516ff33f8,wesley-shields,Wesley Shields,,1800s,No verified usable image found in this search; not a claim none exists,
ba5a5a60-39c7-4b7f-b1df-8fe716018560,william-bonham,William Bonham,,1700s,No verified usable image found in this search; not a claim none exists,
79787a06-812b-44e8-b55a-5798d1691740,william-h-gibson,William H. Gibson,,1800s,No verified usable image found in this search; not a claim none exists,
c8b6bc77-54cd-40e6-b7a1-81278075cda8,william-h-griffith,William H. Griffith,,1800s,No verified usable image found in this search; not a claim none exists,
bc6ec3b7-efd0-47ff-a542-5f7add8123ba,william-l-wier,William L. Wier,,1800s,No verified usable image found in this search; not a claim none exists,
