name,candidate_existing_matches,status,source_url
Daniel Berrigan,Daniel Berrigan,candidate_existing_match,https://ickevald.net/plowshares/plowshares-chronology-1980-2018
Philip Berrigan,Philip Berrigan,candidate_existing_match,https://ickevald.net/plowshares/plowshares-chronology-1980-2018
Dean Hammer,Dean Hammer,candidate_existing_match,https://ickevald.net/plowshares/plowshares-chronology-1980-2018
Elmer Maas,Elmer Maas,candidate_existing_match,https://ickevald.net/plowshares/plowshares-chronology-1980-2018
Carl Kabat,Rev. Carl Kabat,candidate_existing_match,https://ickevald.net/plowshares/plowshares-chronology-1980-2018
Anne Montgomery,Anne Montgomery,candidate_existing_match,https://ickevald.net/plowshares/plowshares-chronology-1980-2018
Molly Rush,Molly Rush,candidate_existing_match,https://ickevald.net/plowshares/plowshares-chronology-1980-2018
John Schuchardt,John Schuchardt,candidate_existing_match,https://ickevald.net/plowshares/plowshares-chronology-1980-2018
Peter DeMott,Peter DeMott,candidate_existing_match,https://ickevald.net/plowshares/plowshares-chronology-1980-2018
Judy Beaumont,Judith Beaumont,candidate_existing_match,https://ickevald.net/plowshares/plowshares-chronology-1980-2018
James Cunningham,James Cunningham,candidate_existing_match,https://ickevald.net/plowshares/plowshares-chronology-1980-2018
George Veasey,George Veasey,candidate_existing_match,https://ickevald.net/plowshares/plowshares-chronology-1980-2018
Tim Quinn,Tim Quinn,candidate_existing_match,https://ickevald.net/plowshares/plowshares-chronology-1980-2018
Anne Bennis,Anne Bennis,candidate_existing_match,https://ickevald.net/plowshares/plowshares-chronology-1980-2018
Bill Hartman,Bill Hartman,candidate_existing_match,https://ickevald.net/plowshares/plowshares-chronology-1980-2018
Vincent Kay,Vincent Kay,candidate_existing_match,https://ickevald.net/plowshares/plowshares-chronology-1980-2018
Art Laffin,Art Laffin,candidate_existing_match,https://ickevald.net/plowshares/plowshares-chronology-1980-2018
John Grady,John Grady,candidate_existing_match,https://ickevald.net/plowshares/plowshares-chronology-1980-2018
Ellen Grady,Ellen Grady,candidate_existing_match,https://ickevald.net/plowshares/plowshares-chronology-1980-2018
Jean Holladay,Jean Holladay,candidate_existing_match,https://ickevald.net/plowshares/plowshares-chronology-1980-2018
Roger Ludwig,Roger Ludwig,candidate_existing_match,https://ickevald.net/plowshares/plowshares-chronology-1980-2018
Marcia Timmel,Marcia Timmel,candidate_existing_match,https://ickevald.net/plowshares/plowshares-chronology-1980-2018
Agnes Bauerlein,Agnes Bauerlein,candidate_existing_match,https://ickevald.net/plowshares/plowshares-chronology-1980-2018
Macy Morse,Macy Morse,candidate_existing_match,https://ickevald.net/plowshares/plowshares-chronology-1980-2018
Mary Lyons,Mary Lyons,candidate_existing_match,https://ickevald.net/plowshares/plowshares-chronology-1980-2018
Frank Panopoulos,Frank Panopoulos,candidate_existing_match,https://ickevald.net/plowshares/plowshares-chronology-1980-2018
John Pendleton,John Pendleton,candidate_existing_match,https://ickevald.net/plowshares/plowshares-chronology-1980-2018
Jackie Allen,Jackie Allen-Doucet; Jackie Allen,candidate_existing_match,https://ickevald.net/plowshares/plowshares-chronology-1980-2018
Clare Grady,Clare Grady,candidate_existing_match,https://ickevald.net/plowshares/plowshares-chronology-1980-2018
Elizabeth McAlister,Elizabeth McAlister,candidate_existing_match,https://ickevald.net/plowshares/plowshares-chronology-1980-2018
Vern Rossman,Vernon Joseph Rossman,candidate_existing_match,https://ickevald.net/plowshares/plowshares-chronology-1980-2018
Karl Smith,Karl Smith,candidate_existing_match,https://ickevald.net/plowshares/plowshares-chronology-1980-2018
Per Herngren,Per Herngren,candidate_existing_match,https://ickevald.net/plowshares/plowshares-chronology-1980-2018
Paul Magno,Paul Magno,candidate_existing_match,https://ickevald.net/plowshares/plowshares-chronology-1980-2018
Todd Kaplan,Todd Kaplan,candidate_existing_match,https://ickevald.net/plowshares/plowshares-chronology-1980-2018
Tim Lietzke,Tim Lietzke,candidate_existing_match,https://ickevald.net/plowshares/plowshares-chronology-1980-2018
Patrick O Neill,Patrick O'Neill,candidate_existing_match,https://ickevald.net/plowshares/plowshares-chronology-1980-2018
Jim Perkins,Jim Perkins,candidate_existing_match,https://ickevald.net/plowshares/plowshares-chronology-1980-2018
Christin Schmidt,Christin Schmidt,candidate_existing_match,https://ickevald.net/plowshares/plowshares-chronology-1980-2018
John LaForge,John LaForge,candidate_existing_match,https://ickevald.net/plowshares/plowshares-chronology-1980-2018
Barbara Katt,Barbara Katt,candidate_existing_match,https://ickevald.net/plowshares/plowshares-chronology-1980-2018
William Boston,William Boston,candidate_existing_match,https://ickevald.net/plowshares/plowshares-chronology-1980-2018
Leo Schiff,Leo Schiff,candidate_existing_match,https://ickevald.net/plowshares/plowshares-chronology-1980-2018
Paul Kabat,Rev. Paul Kabat,candidate_existing_match,https://ickevald.net/plowshares/plowshares-chronology-1980-2018
Larry Cloud Morgan,Larry Cloud-Morgan,candidate_existing_match,https://ickevald.net/plowshares/plowshares-chronology-1980-2018
Helen Woodson,Helen Woodson,candidate_existing_match,https://ickevald.net/plowshares/plowshares-chronology-1980-2018
Martin Holladay,Martin Holladay,candidate_existing_match,https://ickevald.net/plowshares/plowshares-chronology-1980-2018
Greg Boertje,Greg Boertje-Obed,candidate_existing_match,https://ickevald.net/plowshares/plowshares-chronology-1980-2018
John Heid,John Heid,candidate_existing_match,https://ickevald.net/plowshares/plowshares-chronology-1980-2018
Sheila Parks,Sheila Parks,candidate_existing_match,https://ickevald.net/plowshares/plowshares-chronology-1980-2018
Suzanne Schmidt,Suzanne Schmidt,candidate_existing_match,https://ickevald.net/plowshares/plowshares-chronology-1980-2018
Tom Hastings,Tom Hastings,candidate_existing_match,https://ickevald.net/plowshares/plowshares-chronology-1980-2018
Richard Miller,Richard Miller,candidate_existing_match,https://ickevald.net/plowshares/plowshares-chronology-1980-2018
Jeff Leys,Jeff Leys,candidate_existing_match,https://ickevald.net/plowshares/plowshares-chronology-1980-2018
Al Zook,Al Zook,candidate_existing_match,https://ickevald.net/plowshares/plowshares-chronology-1980-2018
Mary Sprunger Froese,Mary Sprunger-Froese,candidate_existing_match,https://ickevald.net/plowshares/plowshares-chronology-1980-2018
Marie Nord,Marie Nord,candidate_existing_match,https://ickevald.net/plowshares/plowshares-chronology-1980-2018
Darla Bradley,Darla Bradley,candidate_existing_match,https://ickevald.net/plowshares/plowshares-chronology-1980-2018
Larry Morlan,Larry Morlan,candidate_existing_match,https://ickevald.net/plowshares/plowshares-chronology-1980-2018
Jean Gump,Jean Gump,candidate_existing_match,https://ickevald.net/plowshares/plowshares-chronology-1980-2018
Ken Rippetoe,Ken Rippetoe,candidate_existing_match,https://ickevald.net/plowshares/plowshares-chronology-1980-2018
John Volpe,John Volpe,candidate_existing_match,https://ickevald.net/plowshares/plowshares-chronology-1980-2018
Dexter Lanctot,Dexter Lanctot,candidate_existing_match,https://ickevald.net/plowshares/plowshares-chronology-1980-2018
Thomas McGann,Thomas McGann,candidate_existing_match,https://ickevald.net/plowshares/plowshares-chronology-1980-2018
Lin Romano,Lin Romano,candidate_existing_match,https://ickevald.net/plowshares/plowshares-chronology-1980-2018
Pat Sieber,Pat Sieber,candidate_existing_match,https://ickevald.net/plowshares/plowshares-chronology-1980-2018
Rick Sieber,Rick Sieber,candidate_existing_match,https://ickevald.net/plowshares/plowshares-chronology-1980-2018
Katya Komisaruk,Katya Komisaruk,candidate_existing_match,https://ickevald.net/plowshares/plowshares-chronology-1980-2018
Jerry Ebner,"Gerald ""Jerry"" Ebner; Jerry Ebner",candidate_existing_match,https://ickevald.net/plowshares/plowshares-chronology-1980-2018
Joe Gump,Joe Gump,candidate_existing_match,https://ickevald.net/plowshares/plowshares-chronology-1980-2018
Margaret Brodhead,Margaret Brodhead,candidate_existing_match,https://ickevald.net/plowshares/plowshares-chronology-1980-2018
Dan Ethier,Dan Ethier,candidate_existing_match,https://ickevald.net/plowshares/plowshares-chronology-1980-2018
Tom Lewis,Tom Lewis,candidate_existing_match,https://ickevald.net/plowshares/plowshares-chronology-1980-2018
George Ostensen,George Ostensen,candidate_existing_match,https://ickevald.net/plowshares/plowshares-chronology-1980-2018
Andrew Lawrence,Andrew Lawrence,candidate_existing_match,https://ickevald.net/plowshares/plowshares-chronology-1980-2018
Margaret McKenna,Margaret McKenna,candidate_existing_match,https://ickevald.net/plowshares/plowshares-chronology-1980-2018
Kathleen Maire,Kathleen Maire,candidate_existing_match,https://ickevald.net/plowshares/plowshares-chronology-1980-2018
Jack Marth,Jack Marth,candidate_existing_match,https://ickevald.net/plowshares/plowshares-chronology-1980-2018
Christine Mulready,Christine Mulready,candidate_existing_match,https://ickevald.net/plowshares/plowshares-chronology-1980-2018
Kathy Boylan,Kathy Boylan,candidate_existing_match,https://ickevald.net/plowshares/plowshares-chronology-1980-2018
Jim Reale,Jim Reale,candidate_existing_match,https://ickevald.net/plowshares/plowshares-chronology-1980-2018
Homer White,,needs_alias_and_custody_check,https://ickevald.net/plowshares/plowshares-chronology-1980-2018
Susan Rodriguez,Susan Rodriguez,candidate_existing_match,https://ickevald.net/plowshares/plowshares-chronology-1980-2018
Moana Cole,Moana Cole,candidate_existing_match,https://ickevald.net/plowshares/plowshares-chronology-1980-2018
Ciaron O Reilly,Ciaron O'Reilly,candidate_existing_match,https://ickevald.net/plowshares/plowshares-chronology-1980-2018
Susan Frankel,Susan Frankel,candidate_existing_match,https://ickevald.net/plowshares/plowshares-chronology-1980-2018
Bill Streit,Bill Streit,candidate_existing_match,https://ickevald.net/plowshares/plowshares-chronology-1980-2018
Barry Roth,Barry Roth,candidate_existing_match,https://ickevald.net/plowshares/plowshares-chronology-1980-2018
Daniel Sicken,Daniel Sicken,candidate_existing_match,https://ickevald.net/plowshares/plowshares-chronology-1980-2018
Keith Kjoller,Keith Kjoller,candidate_existing_match,https://ickevald.net/plowshares/plowshares-chronology-1980-2018
Peter Lumsdaine,Peter Lumsdaine,candidate_existing_match,https://ickevald.net/plowshares/plowshares-chronology-1980-2018
Michele Naar Obed,Michele Naar-Obed,candidate_existing_match,https://ickevald.net/plowshares/plowshares-chronology-1980-2018
John Dear,John Dear,candidate_existing_match,https://ickevald.net/plowshares/plowshares-chronology-1980-2018
Lynn Fredriksson,Lynn Fredriksson,candidate_existing_match,https://ickevald.net/plowshares/plowshares-chronology-1980-2018
Bruce Friedrich,Bruce Friedrich,candidate_existing_match,https://ickevald.net/plowshares/plowshares-chronology-1980-2018
Donna Howard Hastings,Donna Howard-Hastings,candidate_existing_match,https://ickevald.net/plowshares/plowshares-chronology-1980-2018
Tom Howard Hastings,Tom Hastings,candidate_existing_match,https://ickevald.net/plowshares/plowshares-chronology-1980-2018
Susan Crane,Susan Crane,candidate_existing_match,https://ickevald.net/plowshares/plowshares-chronology-1980-2018
Steve Baggarly,Steve Baggarly,candidate_existing_match,https://ickevald.net/plowshares/plowshares-chronology-1980-2018
Mark Colville,Mark Colville,candidate_existing_match,https://ickevald.net/plowshares/plowshares-chronology-1980-2018
Steve Kelly,Steve Kelly SJ,candidate_existing_match,https://ickevald.net/plowshares/plowshares-chronology-1980-2018
