action,status,source_url,note
PLOWSHARES EIGHT,roster_screened_candidate_existing_matches,https://ickevald.net/plowshares/plowshares-chronology-1980-2018,Named participants screened; candidate existing matches. See person-review CSV. No claim that existing case coverage is complete.
PLOWSHARES NUMBER TWO,roster_screened_candidate_existing_matches,https://ickevald.net/plowshares/plowshares-chronology-1980-2018,Named participants screened; candidate existing matches. See person-review CSV. No claim that existing case coverage is complete.
TRIDENT NEIN,roster_screened_candidate_existing_matches,https://ickevald.net/plowshares/plowshares-chronology-1980-2018,Named participants screened; candidate existing matches. See person-review CSV. No claim that existing case coverage is complete.
PLOWSHARES NUMBER FOUR,roster_screened_candidate_existing_matches,https://ickevald.net/plowshares/plowshares-chronology-1980-2018,Named participants screened; candidate existing matches. See person-review CSV. No claim that existing case coverage is complete.
AVCO PLOWSHARES,roster_screened_candidate_existing_matches,https://ickevald.net/plowshares/plowshares-chronology-1980-2018,Named participants screened; candidate existing matches. See person-review CSV. No claim that existing case coverage is complete.
GRIFFISS PLOWSHARES,roster_screened_candidate_existing_matches,https://ickevald.net/plowshares/plowshares-chronology-1980-2018,Named participants screened; candidate existing matches. See person-review CSV. No claim that existing case coverage is complete.
PLOWSHARES NUMBER SEVEN,foreign_case_not_us_custody,https://ickevald.net/plowshares/plowshares-chronology-1980-2018,This proceeding is outside US custody scope; separate US cases can qualify independently.
PERSHING PLOWSHARES,roster_screened_candidate_existing_matches,https://ickevald.net/plowshares/plowshares-chronology-1980-2018,Named participants screened; candidate existing matches. See person-review CSV. No claim that existing case coverage is complete.
SPERRY SOFTWARE PAIR,roster_screened_candidate_existing_matches,https://ickevald.net/plowshares/plowshares-chronology-1980-2018,Named participants screened; candidate existing matches. See person-review CSV. No claim that existing case coverage is complete.
TRIDENT II PLOWSHARES,roster_screened_candidate_existing_matches,https://ickevald.net/plowshares/plowshares-chronology-1980-2018,Named participants screened; candidate existing matches. See person-review CSV. No claim that existing case coverage is complete.
SILO PRUNING HOOKS,roster_screened_candidate_existing_matches,https://ickevald.net/plowshares/plowshares-chronology-1980-2018,Named participants screened; candidate existing matches. See person-review CSV. No claim that existing case coverage is complete.
PLOWSHARES NUMBER TWELVE,roster_screened_candidate_existing_matches,https://ickevald.net/plowshares/plowshares-chronology-1980-2018,Named participants screened; candidate existing matches. See person-review CSV. No claim that existing case coverage is complete.
TRIDENT II PRUNING HOOKS,roster_screened_candidate_existing_matches,https://ickevald.net/plowshares/plowshares-chronology-1980-2018,Named participants screened; candidate existing matches. See person-review CSV. No claim that existing case coverage is complete.
MICHIGAN ELF DISARMAMENT ACTION,roster_screened_candidate_existing_matches,https://ickevald.net/plowshares/plowshares-chronology-1980-2018,Named participants screened; candidate existing matches. See person-review CSV. No claim that existing case coverage is complete.
PANTEX DISARMAMENT ACTION,roster_screened_candidate_existing_matches,https://ickevald.net/plowshares/plowshares-chronology-1980-2018,Named participants screened; candidate existing matches. See person-review CSV. No claim that existing case coverage is complete.
WISCONSIN ELF DISARMAMENT ACTION,roster_screened_candidate_existing_matches,https://ickevald.net/plowshares/plowshares-chronology-1980-2018,Named participants screened; candidate existing matches. See person-review CSV. No claim that existing case coverage is complete.
MARTIN MARIETTA MX WITNESS,roster_screened_candidate_existing_matches,https://ickevald.net/plowshares/plowshares-chronology-1980-2018,Named participants screened; candidate existing matches. See person-review CSV. No claim that existing case coverage is complete.
SILO PLOWSHARES,roster_screened_candidate_existing_matches,https://ickevald.net/plowshares/plowshares-chronology-1980-2018,Named participants screened; candidate existing matches. See person-review CSV. No claim that existing case coverage is complete.
PERSHING TO PLOWSHARES,foreign_case_not_us_custody,https://ickevald.net/plowshares/plowshares-chronology-1980-2018,This proceeding is outside US custody scope; separate US cases can qualify independently.
EPIPHANY PLOWSHARES,roster_screened_candidate_existing_matches,https://ickevald.net/plowshares/plowshares-chronology-1980-2018,Named participants screened; candidate existing matches. See person-review CSV. No claim that existing case coverage is complete.
PAUPERS PLOWSHARES,roster_screened_candidate_existing_matches,https://ickevald.net/plowshares/plowshares-chronology-1980-2018,Named participants screened; candidate existing matches. See person-review CSV. No claim that existing case coverage is complete.
WHITE ROSE DISARMAMENT ACTION,roster_screened_candidate_existing_matches,https://ickevald.net/plowshares/plowshares-chronology-1980-2018,Named participants screened; candidate existing matches. See person-review CSV. No claim that existing case coverage is complete.
TRANSFIGURATION PLOWSHARES (WEST),roster_screened_candidate_existing_matches,https://ickevald.net/plowshares/plowshares-chronology-1980-2018,Named participants screened; candidate existing matches. See person-review CSV. No claim that existing case coverage is complete.
TRANSFIGURATION PLOWSHARES (EAST),roster_screened_candidate_existing_matches,https://ickevald.net/plowshares/plowshares-chronology-1980-2018,Named participants screened; candidate existing matches. See person-review CSV. No claim that existing case coverage is complete.
HARMONIC DISARMAMENT FOR LIFE,roster_screened_candidate_existing_matches,https://ickevald.net/plowshares/plowshares-chronology-1980-2018,Named participants screened; candidate existing matches. See person-review CSV. No claim that existing case coverage is complete.
AUSTRALIAN PLOWSHARES ACTION,foreign_case_not_us_custody,https://ickevald.net/plowshares/plowshares-chronology-1980-2018,This proceeding is outside US custody scope; separate US cases can qualify independently.
NUCLEAR NAVY PLOWSHARES,roster_screened_candidate_existing_matches,https://ickevald.net/plowshares/plowshares-chronology-1980-2018,Named participants screened; candidate existing matches. See person-review CSV. No claim that existing case coverage is complete.
KAIROS PLOWSHARES,roster_screened_candidate_existing_matches,https://ickevald.net/plowshares/plowshares-chronology-1980-2018,Named participants screened; candidate existing matches. See person-review CSV. No claim that existing case coverage is complete.
KAIROS PLOWSHARES TOO,roster_screened_candidate_existing_matches,https://ickevald.net/plowshares/plowshares-chronology-1980-2018,Named participants screened; candidate existing matches. See person-review CSV. No claim that existing case coverage is complete.
CREDO PLOWSHARES,roster_screened_candidate_existing_matches,https://ickevald.net/plowshares/plowshares-chronology-1980-2018,Named participants screened; candidate existing matches. See person-review CSV. No claim that existing case coverage is complete.
DUTCH DISARMAMENT ACTION,foreign_case_not_us_custody,https://ickevald.net/plowshares/plowshares-chronology-1980-2018,This proceeding is outside US custody scope; separate US cases can qualify independently.
NF-5B PLOWSHARES,foreign_case_not_us_custody,https://ickevald.net/plowshares/plowshares-chronology-1980-2018,This proceeding is outside US custody scope; separate US cases can qualify independently.
STOP WEAPONS EXPORTS-PLOWSHARES 2,foreign_case_not_us_custody,https://ickevald.net/plowshares/plowshares-chronology-1980-2018,This proceeding is outside US custody scope; separate US cases can qualify independently.
THAMES RIVER PLOWSHARES,roster_screened_one_unmatched_short_custody,https://ickevald.net/plowshares/plowshares-chronology-1980-2018,"Homer White unmatched, but only overnight detention before dropped charges. Others have candidate database matches; no new eligible person established."
PLOWSHARES ESKILTUNA,foreign_case_not_us_custody,https://ickevald.net/plowshares/plowshares-chronology-1980-2018,This proceeding is outside US custody scope; separate US cases can qualify independently.
UPPER HEYFORD PLOWSHARES,foreign_case_not_us_custody,https://ickevald.net/plowshares/plowshares-chronology-1980-2018,This proceeding is outside US custody scope; separate US cases can qualify independently.
DOVES OF PEACE DISARMAMENT ACTION,candidate_existing_match_suspended_sentence,https://ickevald.net/plowshares/plowshares-chronology-1980-2018,"Susan Rodriguez has a candidate database match; this narrative records suspended imprisonment, not proven time served."
ANZUS PEACE FORCE PLOWSHARES,roster_screened_candidate_existing_matches,https://ickevald.net/plowshares/plowshares-chronology-1980-2018,Named participants screened; candidate existing matches. See person-review CSV. No claim that existing case coverage is complete.
ARMS FACTORY PLOWSHARES,foreign_case_not_us_custody,https://ickevald.net/plowshares/plowshares-chronology-1980-2018,This proceeding is outside US custody scope; separate US cases can qualify independently.
AEGIS PLOWSHARES,roster_screened_candidate_existing_matches,https://ickevald.net/plowshares/plowshares-chronology-1980-2018,Named participants screened; candidate existing matches. See person-review CSV. No claim that existing case coverage is complete.
HARRIET TUBMAN-SARAH CONNOR BRIGADE DISARMAMENT ACTION,roster_screened_candidate_existing_matches,https://ickevald.net/plowshares/plowshares-chronology-1980-2018,Named participants screened; candidate existing matches. See person-review CSV. No claim that existing case coverage is complete.
GOOD NEWS PLOWSHARES,roster_screened_candidate_existing_matches,https://ickevald.net/plowshares/plowshares-chronology-1980-2018,Named participants screened; candidate existing matches. See person-review CSV. No claim that existing case coverage is complete.
JAS INTO PLOWSHARES,foreign_case_not_us_custody,https://ickevald.net/plowshares/plowshares-chronology-1980-2018,This proceeding is outside US custody scope; separate US cases can qualify independently.
PAX CHRISTI-SPIRIT OF LIFE PLOWSHARES,roster_screened_candidate_existing_matches,https://ickevald.net/plowshares/plowshares-chronology-1980-2018,Named participants screened; candidate existing matches. See person-review CSV. No claim that existing case coverage is complete.
ANARCHIST PLOWSHARES,foreign_case_not_us_custody,https://ickevald.net/plowshares/plowshares-chronology-1980-2018,This proceeding is outside US custody scope; separate US cases can qualify independently.
GOOD FRIDAY- APRIL FOOLS DAY PLOWSHARES,roster_screened_candidate_existing_matches,https://ickevald.net/plowshares/plowshares-chronology-1980-2018,Named participants screened; candidate existing matches. See person-review CSV. No claim that existing case coverage is complete.
SEEDS OF HOPE – EAST TIMOR PLOUGHSHARES,foreign_case_not_us_custody,https://ickevald.net/plowshares/plowshares-chronology-1980-2018,This proceeding is outside US custody scope; separate US cases can qualify independently.
LAURENTIAN SHIELD TRIDENT ELF DISARMAMENT ACTION,roster_screened_candidate_existing_matches,https://ickevald.net/plowshares/plowshares-chronology-1980-2018,Named participants screened; candidate existing matches. See person-review CSV. No claim that existing case coverage is complete.
PRINCE OF PEACE PLOWSHARES,roster_screened_candidate_existing_matches,https://ickevald.net/plowshares/plowshares-chronology-1980-2018,Named participants screened; candidate existing matches. See person-review CSV. No claim that existing case coverage is complete.
